split_type,heldout,model,n_train,n_test,n_features,test_R2,test_corr_pred_target,mean_prediction,features
leave_density,rho=0.2,iso_count,12000,4000,1,0.0024883615348977317,0.051183368006921595,0.281831037828716,iso_count
leave_density,rho=0.2,local_window_loss,12000,4000,1,0.006896334606463661,0.08838236337569073,0.33813356921235677,iso_local_window_loss_sum
leave_density,rho=0.2,local_window_delta_loss_gain,12000,4000,3,-0.26632592100781416,0.19095057078373023,-14.324033861104068,"iso_local_window_delta_sum,iso_local_window_loss_sum,iso_local_window_gain_sum"
leave_density,rho=0.2,fate_core,12000,4000,4,0.012796893280423993,0.15938100360200827,3.1481526568700384,"iso_die,iso_survive_connected,iso_orth_birth_any,iso_diag_birth_any"
leave_density,rho=0.2,fate_all,12000,4000,8,0.3190463117452662,0.59212680671649,4.88214597865225,"iso_die,iso_survive_isolated,iso_survive_connected,iso_orth_birth_any,iso_diag_birth_any,iso_local_window_delta_sum,iso_local_window_loss_sum,iso_local_window_gain_sum"
leave_density,rho=0.2,class_counts,12000,4000,15,-0.0480903909746595,0.043781498591765035,6.234002437809262,"class_01_count,class_02_count,class_03_count,class_04_count,class_05_count,class_06_count,class_07_count,class_08_count,class_09_count,class_10_count,class_11_count,class_12_count,class_13_count,class_14_count,class_15_count"
leave_density,rho=0.2,class_losses,12000,4000,15,-0.07385204519460209,0.08305056725431076,8.117852365491489,"class_01_loss,class_02_loss,class_03_loss,class_04_loss,class_05_loss,class_06_loss,class_07_loss,class_08_loss,class_09_loss,class_10_loss,class_11_loss,class_12_loss,class_13_loss,class_14_loss,class_15_loss"
leave_density,rho=0.2,class_counts_plus_losses,12000,4000,30,0.3357722656412856,0.5977929542216442,-3.1822057655534515,"class_01_count,class_02_count,class_03_count,class_04_count,class_05_count,class_06_count,class_07_count,class_08_count,class_09_count,class_10_count,class_11_count,class_12_count,class_13_count,class_14_count,class_15_count,class_01_loss,class_02_loss,class_03_loss,class_04_loss,class_05_loss,class_06_loss,class_07_loss,class_08_loss,class_09_loss,class_10_loss,class_11_loss,class_12_loss,class_13_loss,class_14_loss,class_15_loss"
leave_density,rho=0.25,iso_count,12000,4000,1,0.002367264855588358,0.04911000991657682,-0.14954231302985754,iso_count
leave_density,rho=0.25,local_window_loss,12000,4000,1,0.007882144658603707,0.09077537191594359,-0.35597498358587415,iso_local_window_loss_sum
leave_density,rho=0.25,local_window_delta_loss_gain,12000,4000,3,0.05015594183036032,0.2581425974121947,-3.809377452785716,"iso_local_window_delta_sum,iso_local_window_loss_sum,iso_local_window_gain_sum"
leave_density,rho=0.25,fate_core,12000,4000,4,0.007443884630892739,0.14483191676665866,3.9201977664046326,"iso_die,iso_survive_connected,iso_orth_birth_any,iso_diag_birth_any"
leave_density,rho=0.25,fate_all,12000,4000,8,0.3962082545693961,0.6309141195136425,-0.872558019289681,"iso_die,iso_survive_isolated,iso_survive_connected,iso_orth_birth_any,iso_diag_birth_any,iso_local_window_delta_sum,iso_local_window_loss_sum,iso_local_window_gain_sum"
leave_density,rho=0.25,class_counts,12000,4000,15,0.008077939141026391,0.09714396114296317,0.8119539812911664,"class_01_count,class_02_count,class_03_count,class_04_count,class_05_count,class_06_count,class_07_count,class_08_count,class_09_count,class_10_count,class_11_count,class_12_count,class_13_count,class_14_count,class_15_count"
leave_density,rho=0.25,class_losses,12000,4000,15,0.0168017918149308,0.1356658160530201,0.40730368849401954,"class_01_loss,class_02_loss,class_03_loss,class_04_loss,class_05_loss,class_06_loss,class_07_loss,class_08_loss,class_09_loss,class_10_loss,class_11_loss,class_12_loss,class_13_loss,class_14_loss,class_15_loss"
leave_density,rho=0.25,class_counts_plus_losses,12000,4000,30,0.38048079595440076,0.6207796655427014,1.3972905907471036,"class_01_count,class_02_count,class_03_count,class_04_count,class_05_count,class_06_count,class_07_count,class_08_count,class_09_count,class_10_count,class_11_count,class_12_count,class_13_count,class_14_count,class_15_count,class_01_loss,class_02_loss,class_03_loss,class_04_loss,class_05_loss,class_06_loss,class_07_loss,class_08_loss,class_09_loss,class_10_loss,class_11_loss,class_12_loss,class_13_loss,class_14_loss,class_15_loss"
leave_density,rho=0.3,iso_count,12000,4000,1,0.002325884560345992,0.04854188272624424,-0.18797883305933488,iso_count
leave_density,rho=0.3,local_window_loss,12000,4000,1,0.00906798968142164,0.09607358386396342,-0.28194500122739213,iso_local_window_loss_sum
leave_density,rho=0.3,local_window_delta_loss_gain,12000,4000,3,0.06749589099331077,0.4289751900573696,2.5868061014883725,"iso_local_window_delta_sum,iso_local_window_loss_sum,iso_local_window_gain_sum"
leave_density,rho=0.3,fate_core,12000,4000,4,0.028576164900905754,0.1825301813045429,1.1295346868214364,"iso_die,iso_survive_connected,iso_orth_birth_any,iso_diag_birth_any"
leave_density,rho=0.3,fate_all,12000,4000,8,0.42060662675031535,0.6498780224702994,-1.4408497422147775,"iso_die,iso_survive_isolated,iso_survive_connected,iso_orth_birth_any,iso_diag_birth_any,iso_local_window_delta_sum,iso_local_window_loss_sum,iso_local_window_gain_sum"
leave_density,rho=0.3,class_counts,12000,4000,15,0.009393124735884939,0.10526684567636022,-1.2701183361500097,"class_01_count,class_02_count,class_03_count,class_04_count,class_05_count,class_06_count,class_07_count,class_08_count,class_09_count,class_10_count,class_11_count,class_12_count,class_13_count,class_14_count,class_15_count"
leave_density,rho=0.3,class_losses,12000,4000,15,0.015942121411898325,0.13570635421505525,-1.7130688636142497,"class_01_loss,class_02_loss,class_03_loss,class_04_loss,class_05_loss,class_06_loss,class_07_loss,class_08_loss,class_09_loss,class_10_loss,class_11_loss,class_12_loss,class_13_loss,class_14_loss,class_15_loss"
leave_density,rho=0.3,class_counts_plus_losses,12000,4000,30,0.41182065391080014,0.6426441531201694,0.6758370373627542,"class_01_count,class_02_count,class_03_count,class_04_count,class_05_count,class_06_count,class_07_count,class_08_count,class_09_count,class_10_count,class_11_count,class_12_count,class_13_count,class_14_count,class_15_count,class_01_loss,class_02_loss,class_03_loss,class_04_loss,class_05_loss,class_06_loss,class_07_loss,class_08_loss,class_09_loss,class_10_loss,class_11_loss,class_12_loss,class_13_loss,class_14_loss,class_15_loss"
leave_density,rho=0.35,iso_count,12000,4000,1,0.002393574017040101,0.05027040450434417,0.057186646841443915,iso_count
leave_density,rho=0.35,local_window_loss,12000,4000,1,0.008979264359844752,0.09892021202384114,0.28748696241579536,iso_local_window_loss_sum
leave_density,rho=0.35,local_window_delta_loss_gain,12000,4000,3,-0.0174819781522364,0.31681716732450854,12.905578221193384,"iso_local_window_delta_sum,iso_local_window_loss_sum,iso_local_window_gain_sum"
leave_density,rho=0.35,fate_core,12000,4000,4,-0.020671820452962564,0.18526703138910974,-9.347644959372687,"iso_die,iso_survive_connected,iso_orth_birth_any,iso_diag_birth_any"
leave_density,rho=0.35,fate_all,12000,4000,8,0.38226917877253486,0.6268358428918924,4.047877810315624,"iso_die,iso_survive_isolated,iso_survive_connected,iso_orth_birth_any,iso_diag_birth_any,iso_local_window_delta_sum,iso_local_window_loss_sum,iso_local_window_gain_sum"
leave_density,rho=0.35,class_counts,12000,4000,15,0.003954785395812288,0.10623343736246546,-3.470300623378076,"class_01_count,class_02_count,class_03_count,class_04_count,class_05_count,class_06_count,class_07_count,class_08_count,class_09_count,class_10_count,class_11_count,class_12_count,class_13_count,class_14_count,class_15_count"
leave_density,rho=0.35,class_losses,12000,4000,15,0.009590273694743523,0.12343825237513865,-3.0458543682651595,"class_01_loss,class_02_loss,class_03_loss,class_04_loss,class_05_loss,class_06_loss,class_07_loss,class_08_loss,class_09_loss,class_10_loss,class_11_loss,class_12_loss,class_13_loss,class_14_loss,class_15_loss"
leave_density,rho=0.35,class_counts_plus_losses,12000,4000,30,0.38136737242418917,0.6212406472426709,-0.5720143198020073,"class_01_count,class_02_count,class_03_count,class_04_count,class_05_count,class_06_count,class_07_count,class_08_count,class_09_count,class_10_count,class_11_count,class_12_count,class_13_count,class_14_count,class_15_count,class_01_loss,class_02_loss,class_03_loss,class_04_loss,class_05_loss,class_06_loss,class_07_loss,class_08_loss,class_09_loss,class_10_loss,class_11_loss,class_12_loss,class_13_loss,class_14_loss,class_15_loss"
leave_size,L=64,iso_count,8000,8000,1,-76.45960073375593,0.5153401056337048,199.20993854974117,iso_count
leave_size,L=64,local_window_loss,8000,8000,1,-130.81889148133646,0.6854565046144783,260.65592473828735,iso_local_window_loss_sum
leave_size,L=64,local_window_delta_loss_gain,8000,8000,3,-123.32423452278407,0.693833641387054,253.11593283413646,"iso_local_window_delta_sum,iso_local_window_loss_sum,iso_local_window_gain_sum"
leave_size,L=64,fate_core,8000,8000,4,-156.6157190314941,0.5431710262165637,284.9876374255232,"iso_die,iso_survive_connected,iso_orth_birth_any,iso_diag_birth_any"
leave_size,L=64,fate_all,8000,8000,8,-52.82789670877122,0.6917514501523051,166.1094216313283,"iso_die,iso_survive_isolated,iso_survive_connected,iso_orth_birth_any,iso_diag_birth_any,iso_local_window_delta_sum,iso_local_window_loss_sum,iso_local_window_gain_sum"
leave_size,L=64,class_counts,8000,8000,15,-97.4351657436264,0.5073086498795311,224.8297538592023,"class_01_count,class_02_count,class_03_count,class_04_count,class_05_count,class_06_count,class_07_count,class_08_count,class_09_count,class_10_count,class_11_count,class_12_count,class_13_count,class_14_count,class_15_count"
leave_size,L=64,class_losses,8000,8000,15,-137.16001678648746,0.6814599485004548,266.8793539738973,"class_01_loss,class_02_loss,class_03_loss,class_04_loss,class_05_loss,class_06_loss,class_07_loss,class_08_loss,class_09_loss,class_10_loss,class_11_loss,class_12_loss,class_13_loss,class_14_loss,class_15_loss"
leave_size,L=64,class_counts_plus_losses,8000,8000,30,-52.73479273960508,0.6937476740439583,165.96837107746717,"class_01_count,class_02_count,class_03_count,class_04_count,class_05_count,class_06_count,class_07_count,class_08_count,class_09_count,class_10_count,class_11_count,class_12_count,class_13_count,class_14_count,class_15_count,class_01_loss,class_02_loss,class_03_loss,class_04_loss,class_05_loss,class_06_loss,class_07_loss,class_08_loss,class_09_loss,class_10_loss,class_11_loss,class_12_loss,class_13_loss,class_14_loss,class_15_loss"
leave_size,L=128,iso_count,8000,8000,1,-70.6186491161957,0.3716740838637469,-378.65045268439235,iso_count
leave_size,L=128,local_window_loss,8000,8000,1,-62.692564622580434,0.5866366144748828,-357.545242782574,iso_local_window_loss_sum
leave_size,L=128,local_window_delta_loss_gain,8000,8000,3,-56.650087046718234,0.5930076839476116,-339.9786327765852,"iso_local_window_delta_sum,iso_local_window_loss_sum,iso_local_window_gain_sum"
leave_size,L=128,fate_core,8000,8000,4,-82.81770248113251,0.4692905081505065,-410.37375015468973,"iso_die,iso_survive_connected,iso_orth_birth_any,iso_diag_birth_any"
leave_size,L=128,fate_all,8000,8000,8,-37.026746121456824,0.6499290471249303,-275.6221862531707,"iso_die,iso_survive_isolated,iso_survive_connected,iso_orth_birth_any,iso_diag_birth_any,iso_local_window_delta_sum,iso_local_window_loss_sum,iso_local_window_gain_sum"
leave_size,L=128,class_counts,8000,8000,15,-72.59059420700108,0.38449067379216534,-383.9781804812418,"class_01_count,class_02_count,class_03_count,class_04_count,class_05_count,class_06_count,class_07_count,class_08_count,class_09_count,class_10_count,class_11_count,class_12_count,class_13_count,class_14_count,class_15_count"
leave_size,L=128,class_losses,8000,8000,15,-62.451798780007735,0.5886694362853025,-356.87764611954395,"class_01_loss,class_02_loss,class_03_loss,class_04_loss,class_05_loss,class_06_loss,class_07_loss,class_08_loss,class_09_loss,class_10_loss,class_11_loss,class_12_loss,class_13_loss,class_14_loss,class_15_loss"
leave_size,L=128,class_counts_plus_losses,8000,8000,30,-37.04238289789507,0.6561806265152348,-275.73054883659074,"class_01_count,class_02_count,class_03_count,class_04_count,class_05_count,class_06_count,class_07_count,class_08_count,class_09_count,class_10_count,class_11_count,class_12_count,class_13_count,class_14_count,class_15_count,class_01_loss,class_02_loss,class_03_loss,class_04_loss,class_05_loss,class_06_loss,class_07_loss,class_08_loss,class_09_loss,class_10_loss,class_11_loss,class_12_loss,class_13_loss,class_14_loss,class_15_loss"
leave_rule,rule=GoL,iso_count,8000,8000,1,0.002377157761090265,0.04876758893290841,-0.00402266754815389,iso_count
leave_rule,rule=GoL,local_window_loss,8000,8000,1,0.008434502700302549,0.09185039125355887,-0.021343459141056655,iso_local_window_loss_sum
leave_rule,rule=GoL,local_window_delta_loss_gain,8000,8000,3,0.05376267641003818,0.23425816804985425,-0.5648912256035501,"iso_local_window_delta_sum,iso_local_window_loss_sum,iso_local_window_gain_sum"
leave_rule,rule=GoL,fate_core,8000,8000,4,0.02759746373125571,0.16664423421301044,0.02412069727652056,"iso_die,iso_survive_connected,iso_orth_birth_any,iso_diag_birth_any"
leave_rule,rule=GoL,fate_all,8000,8000,8,0.3874188568510698,0.6237272309776055,-1.3507261004844362,"iso_die,iso_survive_isolated,iso_survive_connected,iso_orth_birth_any,iso_diag_birth_any,iso_local_window_delta_sum,iso_local_window_loss_sum,iso_local_window_gain_sum"
leave_rule,rule=GoL,class_counts,8000,8000,15,0.0064480834420547195,0.08140664065624761,-0.018221602274736938,"class_01_count,class_02_count,class_03_count,class_04_count,class_05_count,class_06_count,class_07_count,class_08_count,class_09_count,class_10_count,class_11_count,class_12_count,class_13_count,class_14_count,class_15_count"
leave_rule,rule=GoL,class_losses,8000,8000,15,0.011769686561470927,0.11008888658289431,-0.0055862756563676615,"class_01_loss,class_02_loss,class_03_loss,class_04_loss,class_05_loss,class_06_loss,class_07_loss,class_08_loss,class_09_loss,class_10_loss,class_11_loss,class_12_loss,class_13_loss,class_14_loss,class_15_loss"
leave_rule,rule=GoL,class_counts_plus_losses,8000,8000,30,0.3746376273264812,0.6129414778739396,-0.9841407207907862,"class_01_count,class_02_count,class_03_count,class_04_count,class_05_count,class_06_count,class_07_count,class_08_count,class_09_count,class_10_count,class_11_count,class_12_count,class_13_count,class_14_count,class_15_count,class_01_loss,class_02_loss,class_03_loss,class_04_loss,class_05_loss,class_06_loss,class_07_loss,class_08_loss,class_09_loss,class_10_loss,class_11_loss,class_12_loss,class_13_loss,class_14_loss,class_15_loss"
leave_rule,rule=HighLife,iso_count,8000,8000,1,0.002453602893172202,0.049619465550063,0.003945669341499979,iso_count
leave_rule,rule=HighLife,local_window_loss,8000,8000,1,0.008850113879346866,0.09415592780076883,0.020757657189647033,iso_local_window_loss_sum
leave_rule,rule=HighLife,local_window_delta_loss_gain,8000,8000,3,0.044775916669823945,0.2152431567612817,0.6778591056767409,"iso_local_window_delta_sum,iso_local_window_loss_sum,iso_local_window_gain_sum"
leave_rule,rule=HighLife,fate_core,8000,8000,4,0.024786176023623763,0.1577645907233163,-0.02314028399330482,"iso_die,iso_survive_connected,iso_orth_birth_any,iso_diag_birth_any"
leave_rule,rule=HighLife,fate_all,8000,8000,8,0.404221553736146,0.6368161292267448,1.2728743285631594,"iso_die,iso_survive_isolated,iso_survive_connected,iso_orth_birth_any,iso_diag_birth_any,iso_local_window_delta_sum,iso_local_window_loss_sum,iso_local_window_gain_sum"
leave_rule,rule=HighLife,class_counts,8000,8000,15,0.007568287974124677,0.08840042135633004,0.010065734531523731,"class_01_count,class_02_count,class_03_count,class_04_count,class_05_count,class_06_count,class_07_count,class_08_count,class_09_count,class_10_count,class_11_count,class_12_count,class_13_count,class_14_count,class_15_count"
leave_rule,rule=HighLife,class_losses,8000,8000,15,0.014635906088737882,0.12153091068545384,0.012327233396757948,"class_01_loss,class_02_loss,class_03_loss,class_04_loss,class_05_loss,class_06_loss,class_07_loss,class_08_loss,class_09_loss,class_10_loss,class_11_loss,class_12_loss,class_13_loss,class_14_loss,class_15_loss"
leave_rule,rule=HighLife,class_counts_plus_losses,8000,8000,30,0.3934281990461518,0.6278542193536673,0.970435503441038,"class_01_count,class_02_count,class_03_count,class_04_count,class_05_count,class_06_count,class_07_count,class_08_count,class_09_count,class_10_count,class_11_count,class_12_count,class_13_count,class_14_count,class_15_count,class_01_loss,class_02_loss,class_03_loss,class_04_loss,class_05_loss,class_06_loss,class_07_loss,class_08_loss,class_09_loss,class_10_loss,class_11_loss,class_12_loss,class_13_loss,class_14_loss,class_15_loss"
leave_condition,GoL_L128_rho0.20,iso_count,15000,1000,1,0.003850199010134725,0.5547003122329228,-1.4158759631047884,iso_count
leave_condition,GoL_L128_rho0.20,local_window_loss,15000,1000,1,0.011883092147946472,0.6937222731926327,-3.006615638524722,iso_local_window_loss_sum
leave_condition,GoL_L128_rho0.20,local_window_delta_loss_gain,15000,1000,3,-0.12259929059122365,0.5327380975169229,-17.590750900668215,"iso_local_window_delta_sum,iso_local_window_loss_sum,iso_local_window_gain_sum"
leave_condition,GoL_L128_rho0.20,fate_core,15000,1000,4,0.026554686418556517,0.16431817874564822,-0.3174657155728923,"iso_die,iso_survive_connected,iso_orth_birth_any,iso_diag_birth_any"
leave_condition,GoL_L128_rho0.20,fate_all,15000,1000,8,0.3655633281645464,0.6054571451069757,0.15583506558909835,"iso_die,iso_survive_isolated,iso_survive_connected,iso_orth_birth_any,iso_diag_birth_any,iso_local_window_delta_sum,iso_local_window_loss_sum,iso_local_window_gain_sum"
leave_condition,GoL_L128_rho0.20,class_counts,15000,1000,15,-0.005406588121864786,0.06222802695606135,3.5288082441319895,"class_01_count,class_02_count,class_03_count,class_04_count,class_05_count,class_06_count,class_07_count,class_08_count,class_09_count,class_10_count,class_11_count,class_12_count,class_13_count,class_14_count,class_15_count"
leave_condition,GoL_L128_rho0.20,class_losses,15000,1000,15,0.005042310664192362,0.14777923630655276,2.8332291168311983,"class_01_loss,class_02_loss,class_03_loss,class_04_loss,class_05_loss,class_06_loss,class_07_loss,class_08_loss,class_09_loss,class_10_loss,class_11_loss,class_12_loss,class_13_loss,class_14_loss,class_15_loss"
leave_condition,GoL_L128_rho0.20,class_counts_plus_losses,15000,1000,30,0.344896089810683,0.6061740497947024,-4.886096755422604,"class_01_count,class_02_count,class_03_count,class_04_count,class_05_count,class_06_count,class_07_count,class_08_count,class_09_count,class_10_count,class_11_count,class_12_count,class_13_count,class_14_count,class_15_count,class_01_loss,class_02_loss,class_03_loss,class_04_loss,class_05_loss,class_06_loss,class_07_loss,class_08_loss,class_09_loss,class_10_loss,class_11_loss,class_12_loss,class_13_loss,class_14_loss,class_15_loss"
leave_condition,GoL_L128_rho0.25,iso_count,15000,1000,1,0.0031309228784421883,0.6322206447232885,-1.959085544333264,iso_count
leave_condition,GoL_L128_rho0.25,local_window_loss,15000,1000,1,0.010230096526849475,0.7408803751855976,-3.8539019258133433,iso_local_window_loss_sum
leave_condition,GoL_L128_rho0.25,local_window_delta_loss_gain,15000,1000,3,0.055975109099556164,0.5242216518917837,-8.92343580784068,"iso_local_window_delta_sum,iso_local_window_loss_sum,iso_local_window_gain_sum"
leave_condition,GoL_L128_rho0.25,fate_core,15000,1000,4,0.016815819048218383,0.1430248403799279,2.5967575021808993,"iso_die,iso_survive_connected,iso_orth_birth_any,iso_diag_birth_any"
leave_condition,GoL_L128_rho0.25,fate_all,15000,1000,8,0.3899883567560417,0.6269151899662528,-2.1637513056835407,"iso_die,iso_survive_isolated,iso_survive_connected,iso_orth_birth_any,iso_diag_birth_any,iso_local_window_delta_sum,iso_local_window_loss_sum,iso_local_window_gain_sum"
leave_condition,GoL_L128_rho0.25,class_counts,15000,1000,15,0.005217671146947156,0.07546255738930895,-0.7286134557571149,"class_01_count,class_02_count,class_03_count,class_04_count,class_05_count,class_06_count,class_07_count,class_08_count,class_09_count,class_10_count,class_11_count,class_12_count,class_13_count,class_14_count,class_15_count"
leave_condition,GoL_L128_rho0.25,class_losses,15000,1000,15,0.01781463339976974,0.27926877527955607,-2.7943729689492267,"class_01_loss,class_02_loss,class_03_loss,class_04_loss,class_05_loss,class_06_loss,class_07_loss,class_08_loss,class_09_loss,class_10_loss,class_11_loss,class_12_loss,class_13_loss,class_14_loss,class_15_loss"
leave_condition,GoL_L128_rho0.25,class_counts_plus_losses,15000,1000,30,0.36757555548511534,0.6087735753077215,0.5869344801379345,"class_01_count,class_02_count,class_03_count,class_04_count,class_05_count,class_06_count,class_07_count,class_08_count,class_09_count,class_10_count,class_11_count,class_12_count,class_13_count,class_14_count,class_15_count,class_01_loss,class_02_loss,class_03_loss,class_04_loss,class_05_loss,class_06_loss,class_07_loss,class_08_loss,class_09_loss,class_10_loss,class_11_loss,class_12_loss,class_13_loss,class_14_loss,class_15_loss"
leave_condition,GoL_L128_rho0.30,iso_count,15000,1000,1,0.0023921053930384684,0.5797967572963184,-2.0220041484042826,iso_count
leave_condition,GoL_L128_rho0.30,local_window_loss,15000,1000,1,0.009691550855930986,0.7210012418015826,-3.7341318912651875,iso_local_window_loss_sum
leave_condition,GoL_L128_rho0.30,local_window_delta_loss_gain,15000,1000,3,0.08385984101923971,0.45272437937462573,0.7742432872822688,"iso_local_window_delta_sum,iso_local_window_loss_sum,iso_local_window_gain_sum"
leave_condition,GoL_L128_rho0.30,fate_core,15000,1000,4,0.03731346498044996,0.2202416058151545,-0.9485782008167332,"iso_die,iso_survive_connected,iso_orth_birth_any,iso_diag_birth_any"
leave_condition,GoL_L128_rho0.30,fate_all,15000,1000,8,0.40781969621749314,0.6412812645518089,-2.7966072087201383,"iso_die,iso_survive_isolated,iso_survive_connected,iso_orth_birth_any,iso_diag_birth_any,iso_local_window_delta_sum,iso_local_window_loss_sum,iso_local_window_gain_sum"
leave_condition,GoL_L128_rho0.30,class_counts,15000,1000,15,0.00868604797643635,0.15981081007652922,-3.661194184273842,"class_01_count,class_02_count,class_03_count,class_04_count,class_05_count,class_06_count,class_07_count,class_08_count,class_09_count,class_10_count,class_11_count,class_12_count,class_13_count,class_14_count,class_15_count"
leave_condition,GoL_L128_rho0.30,class_losses,15000,1000,15,0.015286917178630288,0.3918875625079129,-5.884367252982413,"class_01_loss,class_02_loss,class_03_loss,class_04_loss,class_05_loss,class_06_loss,class_07_loss,class_08_loss,class_09_loss,class_10_loss,class_11_loss,class_12_loss,class_13_loss,class_14_loss,class_15_loss"
leave_condition,GoL_L128_rho0.30,class_counts_plus_losses,15000,1000,30,0.4033546334400795,0.6352621291516893,-0.0823475240905809,"class_01_count,class_02_count,class_03_count,class_04_count,class_05_count,class_06_count,class_07_count,class_08_count,class_09_count,class_10_count,class_11_count,class_12_count,class_13_count,class_14_count,class_15_count,class_01_loss,class_02_loss,class_03_loss,class_04_loss,class_05_loss,class_06_loss,class_07_loss,class_08_loss,class_09_loss,class_10_loss,class_11_loss,class_12_loss,class_13_loss,class_14_loss,class_15_loss"
leave_condition,GoL_L128_rho0.35,iso_count,15000,1000,1,0.0027888117612581143,0.598142901266146,-1.6540654257244765,iso_count
leave_condition,GoL_L128_rho0.35,local_window_loss,15000,1000,1,0.010703811846786482,0.7069050569219116,-2.922785780085046,iso_local_window_loss_sum
leave_condition,GoL_L128_rho0.35,local_window_delta_loss_gain,15000,1000,3,0.05473929592324345,0.42035391080142626,8.757326499986714,"iso_local_window_delta_sum,iso_local_window_loss_sum,iso_local_window_gain_sum"
leave_condition,GoL_L128_rho0.35,fate_core,15000,1000,4,0.017485202326280702,0.3163975339304121,-10.566935337038675,"iso_die,iso_survive_connected,iso_orth_birth_any,iso_diag_birth_any"
leave_condition,GoL_L128_rho0.35,fate_all,15000,1000,8,0.377943302929414,0.6179483966313761,-3.160773313870547,"iso_die,iso_survive_isolated,iso_survive_connected,iso_orth_birth_any,iso_diag_birth_any,iso_local_window_delta_sum,iso_local_window_loss_sum,iso_local_window_gain_sum"
leave_condition,GoL_L128_rho0.35,class_counts,15000,1000,15,0.0028773585170590588,0.1741154337128393,-5.808628700997206,"class_01_count,class_02_count,class_03_count,class_04_count,class_05_count,class_06_count,class_07_count,class_08_count,class_09_count,class_10_count,class_11_count,class_12_count,class_13_count,class_14_count,class_15_count"
leave_condition,GoL_L128_rho0.35,class_losses,15000,1000,15,0.006813119009961843,0.3425030349976307,-7.454717800855216,"class_01_loss,class_02_loss,class_03_loss,class_04_loss,class_05_loss,class_06_loss,class_07_loss,class_08_loss,class_09_loss,class_10_loss,class_11_loss,class_12_loss,class_13_loss,class_14_loss,class_15_loss"
leave_condition,GoL_L128_rho0.35,class_counts_plus_losses,15000,1000,30,0.364531197839011,0.613111419702471,-4.983906972956462,"class_01_count,class_02_count,class_03_count,class_04_count,class_05_count,class_06_count,class_07_count,class_08_count,class_09_count,class_10_count,class_11_count,class_12_count,class_13_count,class_14_count,class_15_count,class_01_loss,class_02_loss,class_03_loss,class_04_loss,class_05_loss,class_06_loss,class_07_loss,class_08_loss,class_09_loss,class_10_loss,class_11_loss,class_12_loss,class_13_loss,class_14_loss,class_15_loss"
leave_condition,GoL_L64_rho0.20,iso_count,15000,1000,1,-0.006125161174604932,0.5959461847639104,2.0089928624111626,iso_count
leave_condition,GoL_L64_rho0.20,local_window_loss,15000,1000,1,-0.022613815462302345,0.7313822947191765,3.7553151584664164,iso_local_window_loss_sum
leave_condition,GoL_L64_rho0.20,local_window_delta_loss_gain,15000,1000,3,0.09382398780587609,0.5554645944937672,0.26444984624455725,"iso_local_window_delta_sum,iso_local_window_loss_sum,iso_local_window_gain_sum"
leave_condition,GoL_L64_rho0.20,fate_core,15000,1000,4,0.0074346330815286965,0.1627306129681758,2.4676817243340574,"iso_die,iso_survive_connected,iso_orth_birth_any,iso_diag_birth_any"
leave_condition,GoL_L64_rho0.20,fate_all,15000,1000,8,0.39084901127626037,0.6260230254314735,0.5189965608579494,"iso_die,iso_survive_isolated,iso_survive_connected,iso_orth_birth_any,iso_diag_birth_any,iso_local_window_delta_sum,iso_local_window_loss_sum,iso_local_window_gain_sum"
leave_condition,GoL_L64_rho0.20,class_counts,15000,1000,15,-0.019815343800583696,0.08931380388740096,2.9633602669921366,"class_01_count,class_02_count,class_03_count,class_04_count,class_05_count,class_06_count,class_07_count,class_08_count,class_09_count,class_10_count,class_11_count,class_12_count,class_13_count,class_14_count,class_15_count"
leave_condition,GoL_L64_rho0.20,class_losses,15000,1000,15,-0.055371523733603656,0.2647473098247512,5.007690429943917,"class_01_loss,class_02_loss,class_03_loss,class_04_loss,class_05_loss,class_06_loss,class_07_loss,class_08_loss,class_09_loss,class_10_loss,class_11_loss,class_12_loss,class_13_loss,class_14_loss,class_15_loss"
leave_condition,GoL_L64_rho0.20,class_counts_plus_losses,15000,1000,30,0.38457955672735544,0.6209145289822,-0.07791930463832432,"class_01_count,class_02_count,class_03_count,class_04_count,class_05_count,class_06_count,class_07_count,class_08_count,class_09_count,class_10_count,class_11_count,class_12_count,class_13_count,class_14_count,class_15_count,class_01_loss,class_02_loss,class_03_loss,class_04_loss,class_05_loss,class_06_loss,class_07_loss,class_08_loss,class_09_loss,class_10_loss,class_11_loss,class_12_loss,class_13_loss,class_14_loss,class_15_loss"
leave_condition,GoL_L64_rho0.25,iso_count,15000,1000,1,-0.0017262365281196512,0.6235964155181286,1.8378731172929743,iso_count
leave_condition,GoL_L64_rho0.25,local_window_loss,15000,1000,1,-0.006927431623858338,0.7437466783115599,3.4945727231752164,iso_local_window_loss_sum
leave_condition,GoL_L64_rho0.25,local_window_delta_loss_gain,15000,1000,3,0.0758020997522022,0.4702794000557332,2.0696487982408844,"iso_local_window_delta_sum,iso_local_window_loss_sum,iso_local_window_gain_sum"
leave_condition,GoL_L64_rho0.25,fate_core,15000,1000,4,0.006619294659354291,0.18476207197821504,3.473561371434241,"iso_die,iso_survive_connected,iso_orth_birth_any,iso_diag_birth_any"
leave_condition,GoL_L64_rho0.25,fate_all,15000,1000,8,0.3914805502511076,0.628242316108491,1.2263543214261234,"iso_die,iso_survive_isolated,iso_survive_connected,iso_orth_birth_any,iso_diag_birth_any,iso_local_window_delta_sum,iso_local_window_loss_sum,iso_local_window_gain_sum"
leave_condition,GoL_L64_rho0.25,class_counts,15000,1000,15,0.0038062917031246313,0.13979281846798602,2.0645992003642277,"class_01_count,class_02_count,class_03_count,class_04_count,class_05_count,class_06_count,class_07_count,class_08_count,class_09_count,class_10_count,class_11_count,class_12_count,class_13_count,class_14_count,class_15_count"
leave_condition,GoL_L64_rho0.25,class_losses,15000,1000,15,-0.0035322562486808096,0.34625837086751265,3.761617880239635,"class_01_loss,class_02_loss,class_03_loss,class_04_loss,class_05_loss,class_06_loss,class_07_loss,class_08_loss,class_09_loss,class_10_loss,class_11_loss,class_12_loss,class_13_loss,class_14_loss,class_15_loss"
leave_condition,GoL_L64_rho0.25,class_counts_plus_losses,15000,1000,30,0.3783027944137869,0.6219648050537495,1.9998382709394908,"class_01_count,class_02_count,class_03_count,class_04_count,class_05_count,class_06_count,class_07_count,class_08_count,class_09_count,class_10_count,class_11_count,class_12_count,class_13_count,class_14_count,class_15_count,class_01_loss,class_02_loss,class_03_loss,class_04_loss,class_05_loss,class_06_loss,class_07_loss,class_08_loss,class_09_loss,class_10_loss,class_11_loss,class_12_loss,class_13_loss,class_14_loss,class_15_loss"
leave_condition,GoL_L64_rho0.30,iso_count,15000,1000,1,-0.0005140537325631911,0.6462801024343988,1.813033383557025,iso_count
leave_condition,GoL_L64_rho0.30,local_window_loss,15000,1000,1,-0.0021198663194683665,0.7492693871056973,3.4825399604088725,iso_local_window_loss_sum
leave_condition,GoL_L64_rho0.30,local_window_delta_loss_gain,15000,1000,3,0.05606430739023782,0.4554849772761246,4.266347425248032,"iso_local_window_delta_sum,iso_local_window_loss_sum,iso_local_window_gain_sum"
leave_condition,GoL_L64_rho0.30,fate_core,15000,1000,4,0.0037197235984914867,0.12130540217320182,2.5932730688271524,"iso_die,iso_survive_connected,iso_orth_birth_any,iso_diag_birth_any"
leave_condition,GoL_L64_rho0.30,fate_all,15000,1000,8,0.4071847431778758,0.6381542114001915,0.0018111309491505097,"iso_die,iso_survive_isolated,iso_survive_connected,iso_orth_birth_any,iso_diag_birth_any,iso_local_window_delta_sum,iso_local_window_loss_sum,iso_local_window_gain_sum"
leave_condition,GoL_L64_rho0.30,class_counts,15000,1000,15,0.0143811743567267,0.1873965131607497,1.3898242455519116,"class_01_count,class_02_count,class_03_count,class_04_count,class_05_count,class_06_count,class_07_count,class_08_count,class_09_count,class_10_count,class_11_count,class_12_count,class_13_count,class_14_count,class_15_count"
leave_condition,GoL_L64_rho0.30,class_losses,15000,1000,15,0.014766481447605062,0.36487443332863984,2.9053762536838503,"class_01_loss,class_02_loss,class_03_loss,class_04_loss,class_05_loss,class_06_loss,class_07_loss,class_08_loss,class_09_loss,class_10_loss,class_11_loss,class_12_loss,class_13_loss,class_14_loss,class_15_loss"
leave_condition,GoL_L64_rho0.30,class_counts_plus_losses,15000,1000,30,0.3975326595202341,0.6320817178385147,0.9741404252835812,"class_01_count,class_02_count,class_03_count,class_04_count,class_05_count,class_06_count,class_07_count,class_08_count,class_09_count,class_10_count,class_11_count,class_12_count,class_13_count,class_14_count,class_15_count,class_01_loss,class_02_loss,class_03_loss,class_04_loss,class_05_loss,class_06_loss,class_07_loss,class_08_loss,class_09_loss,class_10_loss,class_11_loss,class_12_loss,class_13_loss,class_14_loss,class_15_loss"
leave_condition,GoL_L64_rho0.35,iso_count,15000,1000,1,-0.001210238968616606,0.6100205427542137,1.9119206235902508,iso_count
leave_condition,GoL_L64_rho0.35,local_window_loss,15000,1000,1,-0.005016342209975377,0.723351989749935,3.713856567219632,iso_local_window_loss_sum
leave_condition,GoL_L64_rho0.35,local_window_delta_loss_gain,15000,1000,3,0.02377276397612893,0.4312156001584522,6.319816209697537,"iso_local_window_delta_sum,iso_local_window_loss_sum,iso_local_window_gain_sum"
leave_condition,GoL_L64_rho0.35,fate_core,15000,1000,4,0.043707456153142754,0.2507049897259139,0.5503946560393711,"iso_die,iso_survive_connected,iso_orth_birth_any,iso_diag_birth_any"
leave_condition,GoL_L64_rho0.35,fate_all,15000,1000,8,0.40338129849611204,0.6372148785326939,0.6340842519534956,"iso_die,iso_survive_isolated,iso_survive_connected,iso_orth_birth_any,iso_diag_birth_any,iso_local_window_delta_sum,iso_local_window_loss_sum,iso_local_window_gain_sum"
leave_condition,GoL_L64_rho0.35,class_counts,15000,1000,15,0.009006590547637638,0.12909877927192273,1.0632782549454014,"class_01_count,class_02_count,class_03_count,class_04_count,class_05_count,class_06_count,class_07_count,class_08_count,class_09_count,class_10_count,class_11_count,class_12_count,class_13_count,class_14_count,class_15_count"
leave_condition,GoL_L64_rho0.35,class_losses,15000,1000,15,0.010969321317271796,0.29841685878127666,2.8625853699649917,"class_01_loss,class_02_loss,class_03_loss,class_04_loss,class_05_loss,class_06_loss,class_07_loss,class_08_loss,class_09_loss,class_10_loss,class_11_loss,class_12_loss,class_13_loss,class_14_loss,class_15_loss"
leave_condition,GoL_L64_rho0.35,class_counts_plus_losses,15000,1000,30,0.3873128709176282,0.6269381808675936,0.5864636356992007,"class_01_count,class_02_count,class_03_count,class_04_count,class_05_count,class_06_count,class_07_count,class_08_count,class_09_count,class_10_count,class_11_count,class_12_count,class_13_count,class_14_count,class_15_count,class_01_loss,class_02_loss,class_03_loss,class_04_loss,class_05_loss,class_06_loss,class_07_loss,class_08_loss,class_09_loss,class_10_loss,class_11_loss,class_12_loss,class_13_loss,class_14_loss,class_15_loss"
leave_condition,HighLife_L128_rho0.20,iso_count,15000,1000,1,0.003934534659309374,0.5736040986655773,-1.411793123936972,iso_count
leave_condition,HighLife_L128_rho0.20,local_window_loss,15000,1000,1,0.01194794139652433,0.7118591656490417,-2.9840706347838433,iso_local_window_loss_sum
leave_condition,HighLife_L128_rho0.20,local_window_delta_loss_gain,15000,1000,3,-0.1379922886651168,0.5392904268263606,-17.796212284912315,"iso_local_window_delta_sum,iso_local_window_loss_sum,iso_local_window_gain_sum"
leave_condition,HighLife_L128_rho0.20,fate_core,15000,1000,4,0.03191603322200043,0.18304451305157277,0.001742280127079141,"iso_die,iso_survive_connected,iso_orth_birth_any,iso_diag_birth_any"
leave_condition,HighLife_L128_rho0.20,fate_all,15000,1000,8,0.36719552346398887,0.6074924735725078,1.3458440773383982,"iso_die,iso_survive_isolated,iso_survive_connected,iso_orth_birth_any,iso_diag_birth_any,iso_local_window_delta_sum,iso_local_window_loss_sum,iso_local_window_gain_sum"
leave_condition,HighLife_L128_rho0.20,class_counts,15000,1000,15,-0.0018036547069639752,0.09021834494602192,3.357819530347507,"class_01_count,class_02_count,class_03_count,class_04_count,class_05_count,class_06_count,class_07_count,class_08_count,class_09_count,class_10_count,class_11_count,class_12_count,class_13_count,class_14_count,class_15_count"
leave_condition,HighLife_L128_rho0.20,class_losses,15000,1000,15,0.012302734127246584,0.23801871035502445,2.6359084030034765,"class_01_loss,class_02_loss,class_03_loss,class_04_loss,class_05_loss,class_06_loss,class_07_loss,class_08_loss,class_09_loss,class_10_loss,class_11_loss,class_12_loss,class_13_loss,class_14_loss,class_15_loss"
leave_condition,HighLife_L128_rho0.20,class_counts_plus_losses,15000,1000,30,0.354580211498841,0.6028644933581558,-2.5337106323359624,"class_01_count,class_02_count,class_03_count,class_04_count,class_05_count,class_06_count,class_07_count,class_08_count,class_09_count,class_10_count,class_11_count,class_12_count,class_13_count,class_14_count,class_15_count,class_01_loss,class_02_loss,class_03_loss,class_04_loss,class_05_loss,class_06_loss,class_07_loss,class_08_loss,class_09_loss,class_10_loss,class_11_loss,class_12_loss,class_13_loss,class_14_loss,class_15_loss"
leave_condition,HighLife_L128_rho0.25,iso_count,15000,1000,1,0.002616105668539759,0.5722609718889506,-1.9858565699592303,iso_count
leave_condition,HighLife_L128_rho0.25,local_window_loss,15000,1000,1,0.009417896915841939,0.7197875784744624,-3.888494024302095,iso_local_window_loss_sum
leave_condition,HighLife_L128_rho0.25,local_window_delta_loss_gain,15000,1000,3,0.04378660763220765,0.4584883426014103,-8.721381942649975,"iso_local_window_delta_sum,iso_local_window_loss_sum,iso_local_window_gain_sum"
leave_condition,HighLife_L128_rho0.25,fate_core,15000,1000,4,0.019307107902174825,0.15226380431270725,2.590415728518715,"iso_die,iso_survive_connected,iso_orth_birth_any,iso_diag_birth_any"
leave_condition,HighLife_L128_rho0.25,fate_all,15000,1000,8,0.40269882399529966,0.6402690955929892,-3.2493851251287915,"iso_die,iso_survive_isolated,iso_survive_connected,iso_orth_birth_any,iso_diag_birth_any,iso_local_window_delta_sum,iso_local_window_loss_sum,iso_local_window_gain_sum"
leave_condition,HighLife_L128_rho0.25,class_counts,15000,1000,15,0.014256289611978779,0.15166781973837834,-0.6324967762971713,"class_01_count,class_02_count,class_03_count,class_04_count,class_05_count,class_06_count,class_07_count,class_08_count,class_09_count,class_10_count,class_11_count,class_12_count,class_13_count,class_14_count,class_15_count"
leave_condition,HighLife_L128_rho0.25,class_losses,15000,1000,15,0.02485596090523645,0.3967061938588877,-2.72582386567247,"class_01_loss,class_02_loss,class_03_loss,class_04_loss,class_05_loss,class_06_loss,class_07_loss,class_08_loss,class_09_loss,class_10_loss,class_11_loss,class_12_loss,class_13_loss,class_14_loss,class_15_loss"
leave_condition,HighLife_L128_rho0.25,class_counts_plus_losses,15000,1000,30,0.39648415309284035,0.6317361658365119,-0.27078144412926214,"class_01_count,class_02_count,class_03_count,class_04_count,class_05_count,class_06_count,class_07_count,class_08_count,class_09_count,class_10_count,class_11_count,class_12_count,class_13_count,class_14_count,class_15_count,class_01_loss,class_02_loss,class_03_loss,class_04_loss,class_05_loss,class_06_loss,class_07_loss,class_08_loss,class_09_loss,class_10_loss,class_11_loss,class_12_loss,class_13_loss,class_14_loss,class_15_loss"
leave_condition,HighLife_L128_rho0.30,iso_count,15000,1000,1,0.0028535151625536104,0.61268551066109,-1.9829845123954275,iso_count
leave_condition,HighLife_L128_rho0.30,local_window_loss,15000,1000,1,0.011070597846532526,0.7463296247742899,-3.6552453569365957,iso_local_window_loss_sum
leave_condition,HighLife_L128_rho0.30,local_window_delta_loss_gain,15000,1000,3,0.07932774490473993,0.44968192908982996,1.46558655300312,"iso_local_window_delta_sum,iso_local_window_loss_sum,iso_local_window_gain_sum"
leave_condition,HighLife_L128_rho0.30,fate_core,15000,1000,4,0.034573942531587964,0.20614913583973057,-0.8864142667617938,"iso_die,iso_survive_connected,iso_orth_birth_any,iso_diag_birth_any"
leave_condition,HighLife_L128_rho0.30,fate_all,15000,1000,8,0.4412498439634609,0.6664566534314194,-1.9918985479098446,"iso_die,iso_survive_isolated,iso_survive_connected,iso_orth_birth_any,iso_diag_birth_any,iso_local_window_delta_sum,iso_local_window_loss_sum,iso_local_window_gain_sum"
leave_condition,HighLife_L128_rho0.30,class_counts,15000,1000,15,0.008239179753737003,0.15095128533075505,-3.479457360388007,"class_01_count,class_02_count,class_03_count,class_04_count,class_05_count,class_06_count,class_07_count,class_08_count,class_09_count,class_10_count,class_11_count,class_12_count,class_13_count,class_14_count,class_15_count"
leave_condition,HighLife_L128_rho0.30,class_losses,15000,1000,15,0.015466529286938147,0.39408687125608627,-5.852607341127947,"class_01_loss,class_02_loss,class_03_loss,class_04_loss,class_05_loss,class_06_loss,class_07_loss,class_08_loss,class_09_loss,class_10_loss,class_11_loss,class_12_loss,class_13_loss,class_14_loss,class_15_loss"
leave_condition,HighLife_L128_rho0.30,class_counts_plus_losses,15000,1000,30,0.4286796998992001,0.6557122366941904,0.7499220336860248,"class_01_count,class_02_count,class_03_count,class_04_count,class_05_count,class_06_count,class_07_count,class_08_count,class_09_count,class_10_count,class_11_count,class_12_count,class_13_count,class_14_count,class_15_count,class_01_loss,class_02_loss,class_03_loss,class_04_loss,class_05_loss,class_06_loss,class_07_loss,class_08_loss,class_09_loss,class_10_loss,class_11_loss,class_12_loss,class_13_loss,class_14_loss,class_15_loss"
leave_condition,HighLife_L128_rho0.35,iso_count,15000,1000,1,0.0030765110623585112,0.6087146771558756,-1.6235464632683914,iso_count
leave_condition,HighLife_L128_rho0.35,local_window_loss,15000,1000,1,0.011615528617512139,0.7167159874545638,-2.813958824164262,iso_local_window_loss_sum
leave_condition,HighLife_L128_rho0.35,local_window_delta_loss_gain,15000,1000,3,0.017058426375804125,0.40912886075768845,13.515466352401285,"iso_local_window_delta_sum,iso_local_window_loss_sum,iso_local_window_gain_sum"
leave_condition,HighLife_L128_rho0.35,fate_core,15000,1000,4,0.0021051980185907704,0.24517456351970923,-10.879855636814545,"iso_die,iso_survive_connected,iso_orth_birth_any,iso_diag_birth_any"
leave_condition,HighLife_L128_rho0.35,fate_all,15000,1000,8,0.40103022976851244,0.6463676020643992,6.170775899074362,"iso_die,iso_survive_isolated,iso_survive_connected,iso_orth_birth_any,iso_diag_birth_any,iso_local_window_delta_sum,iso_local_window_loss_sum,iso_local_window_gain_sum"
leave_condition,HighLife_L128_rho0.35,class_counts,15000,1000,15,0.007416877747019046,0.21403619762495313,-5.632024161654728,"class_01_count,class_02_count,class_03_count,class_04_count,class_05_count,class_06_count,class_07_count,class_08_count,class_09_count,class_10_count,class_11_count,class_12_count,class_13_count,class_14_count,class_15_count"
leave_condition,HighLife_L128_rho0.35,class_losses,15000,1000,15,0.010343772393861528,0.3746708821807025,-7.264699810681765,"class_01_loss,class_02_loss,class_03_loss,class_04_loss,class_05_loss,class_06_loss,class_07_loss,class_08_loss,class_09_loss,class_10_loss,class_11_loss,class_12_loss,class_13_loss,class_14_loss,class_15_loss"
leave_condition,HighLife_L128_rho0.35,class_counts_plus_losses,15000,1000,30,0.4035914399010052,0.6401659972153344,1.0090187030614077,"class_01_count,class_02_count,class_03_count,class_04_count,class_05_count,class_06_count,class_07_count,class_08_count,class_09_count,class_10_count,class_11_count,class_12_count,class_13_count,class_14_count,class_15_count,class_01_loss,class_02_loss,class_03_loss,class_04_loss,class_05_loss,class_06_loss,class_07_loss,class_08_loss,class_09_loss,class_10_loss,class_11_loss,class_12_loss,class_13_loss,class_14_loss,class_15_loss"
leave_condition,HighLife_L64_rho0.20,iso_count,15000,1000,1,-0.007083492021568993,0.5777773738677277,2.016068242243729,iso_count
leave_condition,HighLife_L64_rho0.20,local_window_loss,15000,1000,1,-0.02625001333931043,0.7092492310715178,3.785755729040908,iso_local_window_loss_sum
leave_condition,HighLife_L64_rho0.20,local_window_delta_loss_gain,15000,1000,3,0.09036226202881814,0.5233798432652537,0.37900955162439426,"iso_local_window_delta_sum,iso_local_window_loss_sum,iso_local_window_gain_sum"
leave_condition,HighLife_L64_rho0.20,fate_core,15000,1000,4,-0.0001447667475462655,0.14570885672948738,2.5643076820154045,"iso_die,iso_survive_connected,iso_orth_birth_any,iso_diag_birth_any"
leave_condition,HighLife_L64_rho0.20,fate_all,15000,1000,8,0.3075033715309946,0.5724221274945842,2.129732464609021,"iso_die,iso_survive_isolated,iso_survive_connected,iso_orth_birth_any,iso_diag_birth_any,iso_local_window_delta_sum,iso_local_window_loss_sum,iso_local_window_gain_sum"
leave_condition,HighLife_L64_rho0.20,class_counts,15000,1000,15,-0.016756960059461257,0.1291261428013481,2.9880944188380143,"class_01_count,class_02_count,class_03_count,class_04_count,class_05_count,class_06_count,class_07_count,class_08_count,class_09_count,class_10_count,class_11_count,class_12_count,class_13_count,class_14_count,class_15_count"
leave_condition,HighLife_L64_rho0.20,class_losses,15000,1000,15,-0.06330771796352241,0.2474261883754273,5.064394964279582,"class_01_loss,class_02_loss,class_03_loss,class_04_loss,class_05_loss,class_06_loss,class_07_loss,class_08_loss,class_09_loss,class_10_loss,class_11_loss,class_12_loss,class_13_loss,class_14_loss,class_15_loss"
leave_condition,HighLife_L64_rho0.20,class_counts_plus_losses,15000,1000,30,0.3031722993598379,0.5702323496817779,1.6248684813982794,"class_01_count,class_02_count,class_03_count,class_04_count,class_05_count,class_06_count,class_07_count,class_08_count,class_09_count,class_10_count,class_11_count,class_12_count,class_13_count,class_14_count,class_15_count,class_01_loss,class_02_loss,class_03_loss,class_04_loss,class_05_loss,class_06_loss,class_07_loss,class_08_loss,class_09_loss,class_10_loss,class_11_loss,class_12_loss,class_13_loss,class_14_loss,class_15_loss"
leave_condition,HighLife_L64_rho0.25,iso_count,15000,1000,1,-0.0017534154001517255,0.6169290726820772,1.850640151119131,iso_count
leave_condition,HighLife_L64_rho0.25,local_window_loss,15000,1000,1,-0.006930907980134071,0.7370342556259663,3.518464453433063,iso_local_window_loss_sum
leave_condition,HighLife_L64_rho0.25,local_window_delta_loss_gain,15000,1000,3,0.08302794950913595,0.4846033850459817,2.2887285219706444,"iso_local_window_delta_sum,iso_local_window_loss_sum,iso_local_window_gain_sum"
leave_condition,HighLife_L64_rho0.25,fate_core,15000,1000,4,0.006407027327294701,0.18308902448114825,3.4167547679349792,"iso_die,iso_survive_connected,iso_orth_birth_any,iso_diag_birth_any"
leave_condition,HighLife_L64_rho0.25,fate_all,15000,1000,8,0.4059464845953724,0.639651345400875,1.1752950787949423,"iso_die,iso_survive_isolated,iso_survive_connected,iso_orth_birth_any,iso_diag_birth_any,iso_local_window_delta_sum,iso_local_window_loss_sum,iso_local_window_gain_sum"
leave_condition,HighLife_L64_rho0.25,class_counts,15000,1000,15,0.009933707316565954,0.21044573300649885,2.1975556340635083,"class_01_count,class_02_count,class_03_count,class_04_count,class_05_count,class_06_count,class_07_count,class_08_count,class_09_count,class_10_count,class_11_count,class_12_count,class_13_count,class_14_count,class_15_count"
leave_condition,HighLife_L64_rho0.25,class_losses,15000,1000,15,0.0029671274093669986,0.4231316839458647,3.8000016864828394,"class_01_loss,class_02_loss,class_03_loss,class_04_loss,class_05_loss,class_06_loss,class_07_loss,class_08_loss,class_09_loss,class_10_loss,class_11_loss,class_12_loss,class_13_loss,class_14_loss,class_15_loss"
leave_condition,HighLife_L64_rho0.25,class_counts_plus_losses,15000,1000,30,0.38917253160108467,0.6305714562765903,1.8707299049882558,"class_01_count,class_02_count,class_03_count,class_04_count,class_05_count,class_06_count,class_07_count,class_08_count,class_09_count,class_10_count,class_11_count,class_12_count,class_13_count,class_14_count,class_15_count,class_01_loss,class_02_loss,class_03_loss,class_04_loss,class_05_loss,class_06_loss,class_07_loss,class_08_loss,class_09_loss,class_10_loss,class_11_loss,class_12_loss,class_13_loss,class_14_loss,class_15_loss"
leave_condition,HighLife_L64_rho0.30,iso_count,15000,1000,1,-0.0005227840702246578,0.6217017324374623,1.8117808214645907,iso_count
leave_condition,HighLife_L64_rho0.30,local_window_loss,15000,1000,1,-0.0023584324277210467,0.7455316031704134,3.4823615889162784,iso_local_window_loss_sum
leave_condition,HighLife_L64_rho0.30,local_window_delta_loss_gain,15000,1000,3,0.06019399496377542,0.4865154701957066,4.513870687309567,"iso_local_window_delta_sum,iso_local_window_loss_sum,iso_local_window_gain_sum"
leave_condition,HighLife_L64_rho0.30,fate_core,15000,1000,4,0.01498686881504896,0.16198694572198166,2.4330998721191377,"iso_die,iso_survive_connected,iso_orth_birth_any,iso_diag_birth_any"
leave_condition,HighLife_L64_rho0.30,fate_all,15000,1000,8,0.4076693534225171,0.638553078640965,0.03450356521752201,"iso_die,iso_survive_isolated,iso_survive_connected,iso_orth_birth_any,iso_diag_birth_any,iso_local_window_delta_sum,iso_local_window_loss_sum,iso_local_window_gain_sum"
leave_condition,HighLife_L64_rho0.30,class_counts,15000,1000,15,0.009007057547307018,0.13824141939570406,1.330151291474464,"class_01_count,class_02_count,class_03_count,class_04_count,class_05_count,class_06_count,class_07_count,class_08_count,class_09_count,class_10_count,class_11_count,class_12_count,class_13_count,class_14_count,class_15_count"
leave_condition,HighLife_L64_rho0.30,class_losses,15000,1000,15,0.012435979767378313,0.3559420031162789,2.892870582376344,"class_01_loss,class_02_loss,class_03_loss,class_04_loss,class_05_loss,class_06_loss,class_07_loss,class_08_loss,class_09_loss,class_10_loss,class_11_loss,class_12_loss,class_13_loss,class_14_loss,class_15_loss"
leave_condition,HighLife_L64_rho0.30,class_counts_plus_losses,15000,1000,30,0.39587478309603474,0.6303855151920678,0.701390373368969,"class_01_count,class_02_count,class_03_count,class_04_count,class_05_count,class_06_count,class_07_count,class_08_count,class_09_count,class_10_count,class_11_count,class_12_count,class_13_count,class_14_count,class_15_count,class_01_loss,class_02_loss,class_03_loss,class_04_loss,class_05_loss,class_06_loss,class_07_loss,class_08_loss,class_09_loss,class_10_loss,class_11_loss,class_12_loss,class_13_loss,class_14_loss,class_15_loss"
leave_condition,HighLife_L64_rho0.35,iso_count,15000,1000,1,-0.0014905408377328122,0.5826273644868485,1.9167747077888273,iso_count
leave_condition,HighLife_L64_rho0.35,local_window_loss,15000,1000,1,-0.00573876965952147,0.6990917066511209,3.74384805686983,iso_local_window_loss_sum
leave_condition,HighLife_L64_rho0.35,local_window_delta_loss_gain,15000,1000,3,0.01412192399806611,0.45880478604174985,7.303865765598815,"iso_local_window_delta_sum,iso_local_window_loss_sum,iso_local_window_gain_sum"
leave_condition,HighLife_L64_rho0.35,fate_core,15000,1000,4,0.040154232568701986,0.2372085154446915,0.5434659970050787,"iso_die,iso_survive_connected,iso_orth_birth_any,iso_diag_birth_any"
leave_condition,HighLife_L64_rho0.35,fate_all,15000,1000,8,0.3843872924252626,0.6297792760033197,2.801916467461648,"iso_die,iso_survive_isolated,iso_survive_connected,iso_orth_birth_any,iso_diag_birth_any,iso_local_window_delta_sum,iso_local_window_loss_sum,iso_local_window_gain_sum"
leave_condition,HighLife_L64_rho0.35,class_counts,15000,1000,15,0.01301963211774504,0.15965612983673483,0.9697972279168857,"class_01_count,class_02_count,class_03_count,class_04_count,class_05_count,class_06_count,class_07_count,class_08_count,class_09_count,class_10_count,class_11_count,class_12_count,class_13_count,class_14_count,class_15_count"
leave_condition,HighLife_L64_rho0.35,class_losses,15000,1000,15,0.01308767642490627,0.3262484552067742,2.767868533390986,"class_01_loss,class_02_loss,class_03_loss,class_04_loss,class_05_loss,class_06_loss,class_07_loss,class_08_loss,class_09_loss,class_10_loss,class_11_loss,class_12_loss,class_13_loss,class_14_loss,class_15_loss"
leave_condition,HighLife_L64_rho0.35,class_counts_plus_losses,15000,1000,30,0.37010659608030116,0.6149964832879559,2.0413723154298364,"class_01_count,class_02_count,class_03_count,class_04_count,class_05_count,class_06_count,class_07_count,class_08_count,class_09_count,class_10_count,class_11_count,class_12_count,class_13_count,class_14_count,class_15_count,class_01_loss,class_02_loss,class_03_loss,class_04_loss,class_05_loss,class_06_loss,class_07_loss,class_08_loss,class_09_loss,class_10_loss,class_11_loss,class_12_loss,class_13_loss,class_14_loss,class_15_loss"
