scope,condition_id,rule,L,rho,model,features,cv_R2,slope_feature,slope_raw,slope_raw_ci_low,slope_raw_ci_high,slope_std,slope_std_ci_low,slope_std_ci_high,r2_in_sample
condition,GoL_L128_rho0.20,GoL,128,0.2,iso_count,iso_count,0.30333672296602165,,,,,,,,
condition,GoL_L128_rho0.20,GoL,128,0.2,death,iso_die,0.22958885275841778,,,,,,,,
condition,GoL_L128_rho0.20,GoL,128,0.2,survive,iso_survive,0.1375711802128279,,,,,,,,
condition,GoL_L128_rho0.20,GoL,128,0.2,survive_split,"iso_survive_isolated,iso_survive_connected",0.22272349914921036,,,,,,,,
condition,GoL_L128_rho0.20,GoL,128,0.2,birth_bridge,"iso_orth_birth_any,iso_diag_birth_any",0.2605217097925433,,,,,,,,
condition,GoL_L128_rho0.20,GoL,128,0.2,local_window,"iso_local_window_delta_sum,iso_local_window_loss_sum,iso_local_window_gain_sum",0.5029329483002837,,,,,,,,
condition,GoL_L128_rho0.20,GoL,128,0.2,cell_fates_all,"iso_die,iso_survive_isolated,iso_survive_connected,iso_orth_birth_any,iso_diag_birth_any",0.3663602233180864,,,,,,,,
condition,GoL_L128_rho0.20,GoL,128,0.2,all_fates,"iso_die,iso_survive_isolated,iso_survive_connected,iso_orth_birth_any,iso_diag_birth_any,iso_local_window_delta_sum,iso_local_window_loss_sum,iso_local_window_gain_sum",0.5235682234611883,,,,,,,,
condition,GoL_L128_rho0.20,GoL,128,0.2,coarse,block_var,-0.004873210508237613,,,,,,,,
condition,GoL_L128_rho0.20,GoL,128,0.2,entropy,block_entropy,-0.0044554973894205705,,,,,,,,
condition,GoL_L128_rho0.20,GoL,128,0.2,all_plus_coarse,"iso_die,iso_survive_isolated,iso_survive_connected,iso_orth_birth_any,iso_diag_birth_any,iso_local_window_delta_sum,iso_local_window_loss_sum,iso_local_window_gain_sum,block_var,block_entropy",0.5226335085774847,,,,,,,,
condition_slope,GoL_L128_rho0.20,GoL,128,0.2,slope_iso_count,iso_count,,iso_count,-0.5883446146928465,-0.6406672958297719,-0.534150850041482,-0.5547003122329228,-0.5944167276528238,-0.5159515090537207,0.30769243639130217
condition_slope,GoL_L128_rho0.20,GoL,128,0.2,slope_iso_die,iso_die,,iso_die,-0.7476937242067658,-0.8287783889199744,-0.6747104700004717,-0.4852970162647008,-0.5302425160996291,-0.4404166782559868,0.23551319399542103
condition_slope,GoL_L128_rho0.20,GoL,128,0.2,slope_iso_survive,iso_survive,,iso_survive,-0.6860226416761717,-0.779544431856989,-0.5857623018880288,-0.37774122222248663,-0.42092114772685707,-0.3290636682598165,0.14268843096613792
condition_slope,GoL_L128_rho0.20,GoL,128,0.2,slope_iso_survive_isolated,iso_survive_isolated,,iso_survive_isolated,0.6595424182526722,0.33502394868984114,0.9647089242929549,0.12262683768195821,0.06397346396848878,0.1802230135010308,0.015037341319877329
condition_slope,GoL_L128_rho0.20,GoL,128,0.2,slope_iso_survive_connected,iso_survive_connected,,iso_survive_connected,-0.8979484955015494,-0.995070551215673,-0.7944979066193723,-0.45523686703006505,-0.4961535821936621,-0.4099933712418361,0.20724060510334974
condition_slope,GoL_L128_rho0.20,GoL,128,0.2,slope_iso_orth_birth_any,iso_orth_birth_any,,iso_orth_birth_any,-0.5942612715241681,-0.6506711572340353,-0.5400761209107366,-0.5182488351284911,-0.5574166843116175,-0.4761252277676774,0.2685818551120379
condition_slope,GoL_L128_rho0.20,GoL,128,0.2,slope_iso_diag_birth_any,iso_diag_birth_any,,iso_diag_birth_any,-0.6018481322357702,-0.6887454381046421,-0.5245701783837459,-0.3895887040562968,-0.4396675566461983,-0.3453755325962645,0.1517793583282646
condition_slope,GoL_L128_rho0.20,GoL,128,0.2,slope_iso_local_window_delta_sum,iso_local_window_delta_sum,,iso_local_window_delta_sum,0.22980963780867375,0.21489460458954068,0.24390775078788418,0.7006594923295715,0.671516628739276,0.727093314042094,0.49092372419153285
condition_slope,GoL_L128_rho0.20,GoL,128,0.2,slope_iso_local_window_loss_sum,iso_local_window_loss_sum,,iso_local_window_loss_sum,-0.22882072635648004,-0.24348900767628012,-0.21370594721705952,-0.6937222731926326,-0.7208980518405769,-0.6644664220749895,0.4812505923235535
condition_slope,GoL_L128_rho0.20,GoL,128,0.2,slope_iso_local_window_gain_sum,iso_local_window_gain_sum,,iso_local_window_gain_sum,1.4880697462059547,1.1202240119617188,1.8588313044130285,0.22173901088466472,0.16979201585202602,0.2738962928032216,0.04916818894810948
condition_slope,GoL_L128_rho0.20,GoL,128,0.2,slope_block_var,block_var,,block_var,7592.3974782491105,-700.3661960967858,16648.736045959547,0.046435864303406536,-0.004170177893335251,0.10039063660097379,0.0021562894936043575
condition_slope,GoL_L128_rho0.20,GoL,128,0.2,slope_block_entropy,block_entropy,,block_entropy,28.862473045066174,-3.443893955461172,64.13624996348341,0.04609431153140658,-0.005559477141071988,0.10329978516077433,0.00212468555555434
condition,GoL_L128_rho0.25,GoL,128,0.25,iso_count,iso_count,0.3932945407900014,,,,,,,,
condition,GoL_L128_rho0.25,GoL,128,0.25,death,iso_die,0.1911484951060148,,,,,,,,
condition,GoL_L128_rho0.25,GoL,128,0.25,survive,iso_survive,0.22417125234776197,,,,,,,,
condition,GoL_L128_rho0.25,GoL,128,0.25,survive_split,"iso_survive_isolated,iso_survive_connected",0.3019718109034919,,,,,,,,
condition,GoL_L128_rho0.25,GoL,128,0.25,birth_bridge,"iso_orth_birth_any,iso_diag_birth_any",0.4132196237373444,,,,,,,,
condition,GoL_L128_rho0.25,GoL,128,0.25,local_window,"iso_local_window_delta_sum,iso_local_window_loss_sum,iso_local_window_gain_sum",0.5660159415338311,,,,,,,,
condition,GoL_L128_rho0.25,GoL,128,0.25,cell_fates_all,"iso_die,iso_survive_isolated,iso_survive_connected,iso_orth_birth_any,iso_diag_birth_any",0.4477954886269746,,,,,,,,
condition,GoL_L128_rho0.25,GoL,128,0.25,all_fates,"iso_die,iso_survive_isolated,iso_survive_connected,iso_orth_birth_any,iso_diag_birth_any,iso_local_window_delta_sum,iso_local_window_loss_sum,iso_local_window_gain_sum",0.5673368471731586,,,,,,,,
condition,GoL_L128_rho0.25,GoL,128,0.25,coarse,block_var,0.01206158852930661,,,,,,,,
condition,GoL_L128_rho0.25,GoL,128,0.25,entropy,block_entropy,0.001065956661552936,,,,,,,,
condition,GoL_L128_rho0.25,GoL,128,0.25,all_plus_coarse,"iso_die,iso_survive_isolated,iso_survive_connected,iso_orth_birth_any,iso_diag_birth_any,iso_local_window_delta_sum,iso_local_window_loss_sum,iso_local_window_gain_sum,block_var,block_entropy",0.5748319605171907,,,,,,,,
condition_slope,GoL_L128_rho0.25,GoL,128,0.25,slope_iso_count,iso_count,,iso_count,-0.8008639525383058,-0.8544414728661821,-0.7495134191853695,-0.6322206447232886,-0.6655278310962572,-0.5936102234589049,0.39970294361433045
condition_slope,GoL_L128_rho0.25,GoL,128,0.25,slope_iso_die,iso_die,,iso_die,-0.8319251143913385,-0.9238537618698062,-0.7414231199555551,-0.4463731901569254,-0.49759135185584913,-0.4024162244450049,0.1992490248908707
condition_slope,GoL_L128_rho0.25,GoL,128,0.25,slope_iso_survive,iso_survive,,iso_survive,-0.9078399738821625,-0.9967360251699314,-0.8046668407386921,-0.48545099581894446,-0.5258200109980294,-0.4376535011470744,0.23566266934160485
condition_slope,GoL_L128_rho0.25,GoL,128,0.25,slope_iso_survive_isolated,iso_survive_isolated,,iso_survive_isolated,0.401752371422113,0.09173554435150967,0.7651309595297798,0.07194443338407688,0.016569508538943768,0.138682239560286,0.005176001494955673
condition_slope,GoL_L128_rho0.25,GoL,128,0.25,slope_iso_survive_connected,iso_survive_connected,,iso_survive_connected,-1.1211632527466489,-1.2241748545858209,-1.0195069460482387,-0.5527051751826456,-0.587916557398022,-0.5105845236527196,0.30548301067367944
condition_slope,GoL_L128_rho0.25,GoL,128,0.25,slope_iso_orth_birth_any,iso_orth_birth_any,,iso_orth_birth_any,-0.8538346264397807,-0.9143969278376312,-0.7955298411081378,-0.6437394257200232,-0.6754009461805434,-0.6087941831853062,0.41440044822634514
condition_slope,GoL_L128_rho0.25,GoL,128,0.25,slope_iso_diag_birth_any,iso_diag_birth_any,,iso_diag_birth_any,-0.9216655597931814,-1.0188515456425162,-0.8238803785868125,-0.5347741081934781,-0.57602635346689,-0.49583607946289715,0.28598334679412996
condition_slope,GoL_L128_rho0.25,GoL,128,0.25,slope_iso_local_window_delta_sum,iso_local_window_delta_sum,,iso_local_window_delta_sum,0.27094867968577785,0.25560648462603375,0.2855675544384288,0.7491929137835036,0.7196347631845841,0.7753790983839083,0.5612900220634162
condition_slope,GoL_L128_rho0.25,GoL,128,0.25,slope_iso_local_window_loss_sum,iso_local_window_loss_sum,,iso_local_window_loss_sum,-0.2706147188789926,-0.2848998699951216,-0.25564194572959165,-0.7408803751855977,-0.7678560293025495,-0.7103733879289104,0.5489037303351518
condition_slope,GoL_L128_rho0.25,GoL,128,0.25,slope_iso_local_window_gain_sum,iso_local_window_gain_sum,,iso_local_window_gain_sum,1.4260238375634826,1.1026387792053423,1.747998295480768,0.24824351417988275,0.1974707815599897,0.30441320337556965,0.06162484233237753
condition_slope,GoL_L128_rho0.25,GoL,128,0.25,slope_block_var,block_var,,block_var,27508.39262617708,16152.238889661086,39704.51080025812,0.15967348234102335,0.09287652534664428,0.22721581615102354,0.025495620962909138
condition_slope,GoL_L128_rho0.25,GoL,128,0.25,slope_block_entropy,block_entropy,,block_entropy,76.0041499370152,34.95366609942281,112.07035719940042,0.12442220621735223,0.05426057559493812,0.18657221376084232,0.01548088539999326
condition,GoL_L128_rho0.30,GoL,128,0.3,iso_count,iso_count,0.329005661491801,,,,,,,,
condition,GoL_L128_rho0.30,GoL,128,0.3,death,iso_die,0.09091284213940014,,,,,,,,
condition,GoL_L128_rho0.30,GoL,128,0.3,survive,iso_survive,0.25970414954960697,,,,,,,,
condition,GoL_L128_rho0.30,GoL,128,0.3,survive_split,"iso_survive_isolated,iso_survive_connected",0.3529290109978287,,,,,,,,
condition,GoL_L128_rho0.30,GoL,128,0.3,birth_bridge,"iso_orth_birth_any,iso_diag_birth_any",0.38430979576880986,,,,,,,,
condition,GoL_L128_rho0.30,GoL,128,0.3,local_window,"iso_local_window_delta_sum,iso_local_window_loss_sum,iso_local_window_gain_sum",0.5332360820405704,,,,,,,,
condition,GoL_L128_rho0.30,GoL,128,0.3,cell_fates_all,"iso_die,iso_survive_isolated,iso_survive_connected,iso_orth_birth_any,iso_diag_birth_any",0.42962751067629057,,,,,,,,
condition,GoL_L128_rho0.30,GoL,128,0.3,all_fates,"iso_die,iso_survive_isolated,iso_survive_connected,iso_orth_birth_any,iso_diag_birth_any,iso_local_window_delta_sum,iso_local_window_loss_sum,iso_local_window_gain_sum",0.5391635910981607,,,,,,,,
condition,GoL_L128_rho0.30,GoL,128,0.3,coarse,block_var,0.00043000790242375686,,,,,,,,
condition,GoL_L128_rho0.30,GoL,128,0.3,entropy,block_entropy,0.0014907508988856399,,,,,,,,
condition,GoL_L128_rho0.30,GoL,128,0.3,all_plus_coarse,"iso_die,iso_survive_isolated,iso_survive_connected,iso_orth_birth_any,iso_diag_birth_any,iso_local_window_delta_sum,iso_local_window_loss_sum,iso_local_window_gain_sum,block_var,block_entropy",0.5414860451935724,,,,,,,,
condition_slope,GoL_L128_rho0.30,GoL,128,0.3,slope_iso_count,iso_count,,iso_count,-0.8376598408772916,-0.9099209361030941,-0.7599549049224507,-0.5797967572963184,-0.6145224497736316,-0.5395372146191305,0.336164279771326
condition_slope,GoL_L128_rho0.30,GoL,128,0.3,slope_iso_die,iso_die,,iso_die,-0.6711060932304206,-0.8094192620719394,-0.5474098774688602,-0.30829213133386857,-0.36269568779627803,-0.2510111042132683,0.09504403824237906
condition_slope,GoL_L128_rho0.30,GoL,128,0.3,slope_iso_survive,iso_survive,,iso_survive,-1.0356316568721675,-1.1253871864132097,-0.9227949089336849,-0.5185979455421421,-0.5568613462386971,-0.4699574221661827,0.2689438291205303
condition_slope,GoL_L128_rho0.30,GoL,128,0.3,slope_iso_survive_isolated,iso_survive_isolated,,iso_survive_isolated,0.49687128314472934,0.14837676659432752,0.8862385538703772,0.08644076473277892,0.026050048510582673,0.1505412673561237,0.007472005807587445
condition_slope,GoL_L128_rho0.30,GoL,128,0.3,slope_iso_survive_connected,iso_survive_connected,,iso_survive_connected,-1.2755540592404664,-1.371672636229114,-1.1606447586827338,-0.5919724244561564,-0.6260633724127692,-0.5491793804605096,0.35043135131650016
condition_slope,GoL_L128_rho0.30,GoL,128,0.3,slope_iso_orth_birth_any,iso_orth_birth_any,,iso_orth_birth_any,-0.9441705866376149,-1.0089432022867983,-0.8616655140379588,-0.6236927629752063,-0.6550951213492673,-0.5836339333295641,0.3889926625876472
condition_slope,GoL_L128_rho0.30,GoL,128,0.3,slope_iso_diag_birth_any,iso_diag_birth_any,,iso_diag_birth_any,-0.9724325291532748,-1.066482635686964,-0.8688161216073924,-0.5058912589943496,-0.5536991393331587,-0.45697474182732867,0.2559259659268883
condition_slope,GoL_L128_rho0.30,GoL,128,0.3,slope_iso_local_window_delta_sum,iso_local_window_delta_sum,,iso_local_window_delta_sum,0.28986466472199773,0.27478020157866767,0.30420999764442996,0.7293686135314181,0.6974146383309474,0.7533765260175564,0.5319785744047435
condition_slope,GoL_L128_rho0.30,GoL,128,0.3,slope_iso_local_window_loss_sum,iso_local_window_loss_sum,,iso_local_window_loss_sum,-0.29038482714771513,-0.30540096327639216,-0.2739842243392183,-0.7210012418015829,-0.7451476239523337,-0.6888248199281282,0.5198427906794245
condition_slope,GoL_L128_rho0.30,GoL,128,0.3,slope_iso_local_window_gain_sum,iso_local_window_gain_sum,,iso_local_window_gain_sum,1.186889461881946,0.8913896795927274,1.496206875284579,0.2313102957449911,0.17134253740556785,0.28798750947339186,0.05350445291763506
condition_slope,GoL_L128_rho0.30,GoL,128,0.3,slope_block_var,block_var,,block_var,13389.807200820564,3017.488468068599,24126.057721237856,0.07768822703170136,0.018120389227493663,0.13822746574958314,0.006035460619329025
condition_slope,GoL_L128_rho0.30,GoL,128,0.3,slope_block_entropy,block_entropy,,block_entropy,74.88343507004691,24.34356117875732,124.57441343877122,0.0934373831632629,0.029856013740519233,0.1551255997139471,0.008730544572398191
condition,GoL_L128_rho0.35,GoL,128,0.35,iso_count,iso_count,0.34636755279258136,,,,,,,,
condition,GoL_L128_rho0.35,GoL,128,0.35,death,iso_die,0.059426389081951324,,,,,,,,
condition,GoL_L128_rho0.35,GoL,128,0.35,survive,iso_survive,0.2992300483370975,,,,,,,,
condition,GoL_L128_rho0.35,GoL,128,0.35,survive_split,"iso_survive_isolated,iso_survive_connected",0.3882897940387875,,,,,,,,
condition,GoL_L128_rho0.35,GoL,128,0.35,birth_bridge,"iso_orth_birth_any,iso_diag_birth_any",0.3998546601271119,,,,,,,,
condition,GoL_L128_rho0.35,GoL,128,0.35,local_window,"iso_local_window_delta_sum,iso_local_window_loss_sum,iso_local_window_gain_sum",0.504677083977769,,,,,,,,
condition,GoL_L128_rho0.35,GoL,128,0.35,cell_fates_all,"iso_die,iso_survive_isolated,iso_survive_connected,iso_orth_birth_any,iso_diag_birth_any",0.44026087331249586,,,,,,,,
condition,GoL_L128_rho0.35,GoL,128,0.35,all_fates,"iso_die,iso_survive_isolated,iso_survive_connected,iso_orth_birth_any,iso_diag_birth_any,iso_local_window_delta_sum,iso_local_window_loss_sum,iso_local_window_gain_sum",0.5185296067600358,,,,,,,,
condition,GoL_L128_rho0.35,GoL,128,0.35,coarse,block_var,-0.00728908965146986,,,,,,,,
condition,GoL_L128_rho0.35,GoL,128,0.35,entropy,block_entropy,-0.006512468557363782,,,,,,,,
condition,GoL_L128_rho0.35,GoL,128,0.35,all_plus_coarse,"iso_die,iso_survive_isolated,iso_survive_connected,iso_orth_birth_any,iso_diag_birth_any,iso_local_window_delta_sum,iso_local_window_loss_sum,iso_local_window_gain_sum,block_var,block_entropy",0.5145329759338577,,,,,,,,
condition_slope,GoL_L128_rho0.35,GoL,128,0.35,slope_iso_count,iso_count,,iso_count,-0.9351440227929563,-1.0155965740248698,-0.8584828112927877,-0.5981429012661458,-0.6406847823932251,-0.5540012120950719,0.35777493033508223
condition_slope,GoL_L128_rho0.35,GoL,128,0.35,slope_iso_die,iso_die,,iso_die,-0.6911471006558579,-0.8266674937003397,-0.5524820810709444,-0.2714528859147401,-0.32442109561903626,-0.21695279316200425,0.07368666927144085
condition_slope,GoL_L128_rho0.35,GoL,128,0.35,slope_iso_survive,iso_survive,,iso_survive,-1.1226950212958489,-1.225294810534053,-1.0101893098950618,-0.5566269285070082,-0.5992812134689796,-0.5141597882608406,0.3098335375391459
condition_slope,GoL_L128_rho0.35,GoL,128,0.35,slope_iso_survive_isolated,iso_survive_isolated,,iso_survive_isolated,0.49031094236083567,0.140066934937105,0.9065000429810866,0.08482535903072755,0.025399749547034948,0.15790739537737153,0.007195341534691702
condition_slope,GoL_L128_rho0.35,GoL,128,0.35,slope_iso_survive_connected,iso_survive_connected,,iso_survive_connected,-1.3488514315831854,-1.4677206453246914,-1.250664954848796,-0.6261318379670688,-0.6658295244061239,-0.5837222421639976,0.39204107851601877
condition_slope,GoL_L128_rho0.35,GoL,128,0.35,slope_iso_orth_birth_any,iso_orth_birth_any,,iso_orth_birth_any,-1.0293787759456354,-1.1138396294364679,-0.9449979825519499,-0.6389320271735601,-0.6805168169552399,-0.5964235920368987,0.4082341353481148
condition_slope,GoL_L128_rho0.35,GoL,128,0.35,slope_iso_diag_birth_any,iso_diag_birth_any,,iso_diag_birth_any,-1.0305898086032381,-1.1374507685975193,-0.9289434409691748,-0.5014093594885053,-0.5435430188168071,-0.4539860782405485,0.2514113457826731
condition_slope,GoL_L128_rho0.35,GoL,128,0.35,slope_iso_local_window_delta_sum,iso_local_window_delta_sum,,iso_local_window_delta_sum,0.30088302155246444,0.2807583823148849,0.32034846183646554,0.7129898811299852,0.6812728776543354,0.7429253304133039,0.5083545705937501
condition_slope,GoL_L128_rho0.35,GoL,128,0.35,slope_iso_local_window_loss_sum,iso_local_window_loss_sum,,iso_local_window_loss_sum,-0.3040456427587458,-0.32436962522715695,-0.283895450300179,-0.7069050569219116,-0.7372344670629246,-0.6743374065886387,0.4997147595017707
condition_slope,GoL_L128_rho0.35,GoL,128,0.35,slope_iso_local_window_gain_sum,iso_local_window_gain_sum,,iso_local_window_gain_sum,1.1878241028683154,0.8707172442537581,1.5055129362448278,0.23372752133511307,0.1761941654794017,0.2896856254082713,0.05462855422945556
condition_slope,GoL_L128_rho0.35,GoL,128,0.35,slope_block_var,block_var,,block_var,9396.080539554918,804.473628697686,18562.086265645772,0.05761123415800962,0.004878241830642259,0.11331209098678803,0.0033190543012089346
condition_slope,GoL_L128_rho0.35,GoL,128,0.35,slope_block_entropy,block_entropy,,block_entropy,24.082205717347687,-27.533922438024184,72.66262966341272,0.02879032625500345,-0.033157506298824656,0.08434217506810804,0.0008288828858693531
condition,GoL_L64_rho0.20,GoL,64,0.2,iso_count,iso_count,0.3490773599934271,,,,,,,,
condition,GoL_L64_rho0.20,GoL,64,0.2,death,iso_die,0.22261138522006602,,,,,,,,
condition,GoL_L64_rho0.20,GoL,64,0.2,survive,iso_survive,0.17057826931796058,,,,,,,,
condition,GoL_L64_rho0.20,GoL,64,0.2,survive_split,"iso_survive_isolated,iso_survive_connected",0.24176085172806983,,,,,,,,
condition,GoL_L64_rho0.20,GoL,64,0.2,birth_bridge,"iso_orth_birth_any,iso_diag_birth_any",0.3281482653903717,,,,,,,,
condition,GoL_L64_rho0.20,GoL,64,0.2,local_window,"iso_local_window_delta_sum,iso_local_window_loss_sum,iso_local_window_gain_sum",0.5588081859537948,,,,,,,,
condition,GoL_L64_rho0.20,GoL,64,0.2,cell_fates_all,"iso_die,iso_survive_isolated,iso_survive_connected,iso_orth_birth_any,iso_diag_birth_any",0.40501947488265255,,,,,,,,
condition,GoL_L64_rho0.20,GoL,64,0.2,all_fates,"iso_die,iso_survive_isolated,iso_survive_connected,iso_orth_birth_any,iso_diag_birth_any,iso_local_window_delta_sum,iso_local_window_loss_sum,iso_local_window_gain_sum",0.5683421774329045,,,,,,,,
condition,GoL_L64_rho0.20,GoL,64,0.2,coarse,block_var,0.013639932529860377,,,,,,,,
condition,GoL_L64_rho0.20,GoL,64,0.2,entropy,block_entropy,0.01018705682401635,,,,,,,,
condition,GoL_L64_rho0.20,GoL,64,0.2,all_plus_coarse,"iso_die,iso_survive_isolated,iso_survive_connected,iso_orth_birth_any,iso_diag_birth_any,iso_local_window_delta_sum,iso_local_window_loss_sum,iso_local_window_gain_sum,block_var,block_entropy",0.5725424360929231,,,,,,,,
condition_slope,GoL_L64_rho0.20,GoL,64,0.2,slope_iso_count,iso_count,,iso_count,-0.6319897701098335,-0.6958080978124908,-0.5781816599515093,-0.5959461847639105,-0.6334112699695644,-0.5576181871671468,0.3551518551346604
condition_slope,GoL_L64_rho0.20,GoL,64,0.2,slope_iso_die,iso_die,,iso_die,-0.7067894690821177,-0.7879478142620969,-0.6257262086584673,-0.47795059001866186,-0.5267787195681043,-0.4336839868837921,0.22843676649918687
condition_slope,GoL_L64_rho0.20,GoL,64,0.2,slope_iso_survive,iso_survive,,iso_survive,-0.7574063681375743,-0.8653328553627568,-0.6553334533858768,-0.42524631004501756,-0.4776633005322404,-0.3795213486569895,0.18083442420690277
condition_slope,GoL_L64_rho0.20,GoL,64,0.2,slope_iso_survive_isolated,iso_survive_isolated,,iso_survive_isolated,0.30483688348506327,-0.018169590198736877,0.6252905817673965,0.05565063600399492,-0.0033913625334347688,0.11426486679225198,0.003096993287649119
condition_slope,GoL_L64_rho0.20,GoL,64,0.2,slope_iso_survive_connected,iso_survive_connected,,iso_survive_connected,-0.962550628458064,-1.084010690192785,-0.8754151643372636,-0.4894820205942728,-0.5347694170271122,-0.4449159404061857,0.2395926484850518
condition_slope,GoL_L64_rho0.20,GoL,64,0.2,slope_iso_orth_birth_any,iso_orth_birth_any,,iso_orth_birth_any,-0.6670260770137542,-0.7386277736388368,-0.6085794267446246,-0.5762432354887923,-0.6150915125076271,-0.5353175890528369,0.3320562664465915
condition_slope,GoL_L64_rho0.20,GoL,64,0.2,slope_iso_diag_birth_any,iso_diag_birth_any,,iso_diag_birth_any,-0.7022756689185892,-0.7972233075495863,-0.6230017814423462,-0.44215053074430655,-0.49340493989918704,-0.403411268723372,0.19549709183747177
condition_slope,GoL_L64_rho0.20,GoL,64,0.2,slope_iso_local_window_delta_sum,iso_local_window_delta_sum,,iso_local_window_delta_sum,0.24733686198083152,0.23409850825112644,0.26392834641757223,0.7388768444577023,0.7128085345156127,0.7676862869762584,0.5459389912757706
condition_slope,GoL_L64_rho0.20,GoL,64,0.2,slope_iso_local_window_loss_sum,iso_local_window_loss_sum,,iso_local_window_loss_sum,-0.24604047459701092,-0.2618624684103608,-0.232226384057369,-0.7313822947191763,-0.7610970566015729,-0.7051749307850983,0.5349200610286878
condition_slope,GoL_L64_rho0.20,GoL,64,0.2,slope_iso_local_window_gain_sum,iso_local_window_gain_sum,,iso_local_window_gain_sum,1.5387955686384727,1.1037684797921086,1.974997315693341,0.2258731022487209,0.16174819960205283,0.2855878174099484,0.051018658319461174
condition_slope,GoL_L64_rho0.20,GoL,64,0.2,slope_block_var,block_var,,block_var,6066.7443352692235,4102.14586977309,8460.094679056265,0.15130447305641428,0.10090914677799216,0.20955116472502627,0.022893043566878934
condition_slope,GoL_L64_rho0.20,GoL,64,0.2,slope_block_entropy,block_entropy,,block_entropy,20.689011717147828,12.382614020197318,29.7266449837874,0.13481292334082406,0.08160865874796172,0.19485969663557606,0.01817452429969879
condition,GoL_L64_rho0.25,GoL,64,0.25,iso_count,iso_count,0.38268545951864186,,,,,,,,
condition,GoL_L64_rho0.25,GoL,64,0.25,death,iso_die,0.1658823797720908,,,,,,,,
condition,GoL_L64_rho0.25,GoL,64,0.25,survive,iso_survive,0.22807375282227352,,,,,,,,
condition,GoL_L64_rho0.25,GoL,64,0.25,survive_split,"iso_survive_isolated,iso_survive_connected",0.2971671165680034,,,,,,,,
condition,GoL_L64_rho0.25,GoL,64,0.25,birth_bridge,"iso_orth_birth_any,iso_diag_birth_any",0.38530859197025963,,,,,,,,
condition,GoL_L64_rho0.25,GoL,64,0.25,local_window,"iso_local_window_delta_sum,iso_local_window_loss_sum,iso_local_window_gain_sum",0.5562251620227183,,,,,,,,
condition,GoL_L64_rho0.25,GoL,64,0.25,cell_fates_all,"iso_die,iso_survive_isolated,iso_survive_connected,iso_orth_birth_any,iso_diag_birth_any",0.4282344401596472,,,,,,,,
condition,GoL_L64_rho0.25,GoL,64,0.25,all_fates,"iso_die,iso_survive_isolated,iso_survive_connected,iso_orth_birth_any,iso_diag_birth_any,iso_local_window_delta_sum,iso_local_window_loss_sum,iso_local_window_gain_sum",0.5520559273490142,,,,,,,,
condition,GoL_L64_rho0.25,GoL,64,0.25,coarse,block_var,0.00337125501081581,,,,,,,,
condition,GoL_L64_rho0.25,GoL,64,0.25,entropy,block_entropy,-0.004657804874173266,,,,,,,,
condition,GoL_L64_rho0.25,GoL,64,0.25,all_plus_coarse,"iso_die,iso_survive_isolated,iso_survive_connected,iso_orth_birth_any,iso_diag_birth_any,iso_local_window_delta_sum,iso_local_window_loss_sum,iso_local_window_gain_sum,block_var,block_entropy",0.5511724877336481,,,,,,,,
condition_slope,GoL_L64_rho0.25,GoL,64,0.25,slope_iso_count,iso_count,,iso_count,-0.7975835893991947,-0.8590204440948506,-0.7399972218097529,-0.623596415518129,-0.6620443596022223,-0.5834532396422448,0.38887248944705854
condition_slope,GoL_L64_rho0.25,GoL,64,0.25,slope_iso_die,iso_die,,iso_die,-0.7546372679929936,-0.8640457865334993,-0.6594077331750683,-0.4185434255673454,-0.47098708787237037,-0.3672531142747128,0.17517859908564826
condition_slope,GoL_L64_rho0.25,GoL,64,0.25,slope_iso_survive,iso_survive,,iso_survive,-0.9335319826799707,-1.0343363500019982,-0.8328395421907213,-0.48831281530413617,-0.5328523572632955,-0.4398992762953597,0.23844940559025174
condition_slope,GoL_L64_rho0.25,GoL,64,0.25,slope_iso_survive_isolated,iso_survive_isolated,,iso_survive_isolated,0.3397516105687857,-0.04246645826913492,0.7189582502155686,0.06043847938720653,-0.008022727301250749,0.12875914099648061,0.0036528097906378676
condition_slope,GoL_L64_rho0.25,GoL,64,0.25,slope_iso_survive_connected,iso_survive_connected,,iso_survive_connected,-1.1564777559095494,-1.2562480260914823,-1.0470342520962554,-0.5548239150967854,-0.5976290211324591,-0.5102937715800114,0.30782957676332434
condition_slope,GoL_L64_rho0.25,GoL,64,0.25,slope_iso_orth_birth_any,iso_orth_birth_any,,iso_orth_birth_any,-0.848480408669345,-0.9209481312915492,-0.7791580450417446,-0.627779411817802,-0.6647183080281239,-0.5863134729634334,0.39410698990230586
condition_slope,GoL_L64_rho0.25,GoL,64,0.25,slope_iso_diag_birth_any,iso_diag_birth_any,,iso_diag_birth_any,-0.8215040951557798,-0.9117298409337196,-0.7333243368840743,-0.47815692604717286,-0.5223169993905846,-0.436325385640582,0.22863404592688152
condition_slope,GoL_L64_rho0.25,GoL,64,0.25,slope_iso_local_window_delta_sum,iso_local_window_delta_sum,,iso_local_window_delta_sum,0.27769107074203986,0.2639153701758717,0.29109978654438823,0.7489919847528916,0.7192690133764162,0.7767110473627314,0.5609889932240757
condition_slope,GoL_L64_rho0.25,GoL,64,0.25,slope_iso_local_window_loss_sum,iso_local_window_loss_sum,,iso_local_window_loss_sum,-0.2781416495044496,-0.29223143981325206,-0.2644494548617496,-0.7437466783115598,-0.7721373591864877,-0.7135318174889242,0.5531591214994787
condition_slope,GoL_L64_rho0.25,GoL,64,0.25,slope_iso_local_window_gain_sum,iso_local_window_gain_sum,,iso_local_window_gain_sum,1.0956857927855863,0.7430720952430494,1.4870519538771885,0.18555338039513217,0.1277324316300871,0.24851788000652722,0.03443005697606072
condition_slope,GoL_L64_rho0.25,GoL,64,0.25,slope_block_var,block_var,,block_var,4708.092238602326,1959.2178741069536,7593.575604374574,0.10856270202251302,0.04563630985941075,0.17333460967832762,0.01178586027042916
condition_slope,GoL_L64_rho0.25,GoL,64,0.25,slope_block_entropy,block_entropy,,block_entropy,14.046197338086776,2.40768936386391,24.32835271628041,0.08620912546193453,0.015123360685683478,0.14815875580813487,0.007432013312911656
condition,GoL_L64_rho0.30,GoL,64,0.3,iso_count,iso_count,0.41357018552451114,,,,,,,,
condition,GoL_L64_rho0.30,GoL,64,0.3,death,iso_die,0.14233215401122554,,,,,,,,
condition,GoL_L64_rho0.30,GoL,64,0.3,survive,iso_survive,0.29279366329907885,,,,,,,,
condition,GoL_L64_rho0.30,GoL,64,0.3,survive_split,"iso_survive_isolated,iso_survive_connected",0.3454385927049654,,,,,,,,
condition,GoL_L64_rho0.30,GoL,64,0.3,birth_bridge,"iso_orth_birth_any,iso_diag_birth_any",0.45063384834896353,,,,,,,,
condition,GoL_L64_rho0.30,GoL,64,0.3,local_window,"iso_local_window_delta_sum,iso_local_window_loss_sum,iso_local_window_gain_sum",0.5663220591479454,,,,,,,,
condition,GoL_L64_rho0.30,GoL,64,0.3,cell_fates_all,"iso_die,iso_survive_isolated,iso_survive_connected,iso_orth_birth_any,iso_diag_birth_any",0.4779709787066371,,,,,,,,
condition,GoL_L64_rho0.30,GoL,64,0.3,all_fates,"iso_die,iso_survive_isolated,iso_survive_connected,iso_orth_birth_any,iso_diag_birth_any,iso_local_window_delta_sum,iso_local_window_loss_sum,iso_local_window_gain_sum",0.5730443662966305,,,,,,,,
condition,GoL_L64_rho0.30,GoL,64,0.3,coarse,block_var,0.008240430823843781,,,,,,,,
condition,GoL_L64_rho0.30,GoL,64,0.3,entropy,block_entropy,0.006963029890328864,,,,,,,,
condition,GoL_L64_rho0.30,GoL,64,0.3,all_plus_coarse,"iso_die,iso_survive_isolated,iso_survive_connected,iso_orth_birth_any,iso_diag_birth_any,iso_local_window_delta_sum,iso_local_window_loss_sum,iso_local_window_gain_sum,block_var,block_entropy",0.5739904037556969,,,,,,,,
condition_slope,GoL_L64_rho0.30,GoL,64,0.3,slope_iso_count,iso_count,,iso_count,-0.9479236510920792,-1.0172394954133654,-0.8729604341997479,-0.6462801024343988,-0.6828103143806181,-0.600684471399853,0.4176779708026169
condition_slope,GoL_L64_rho0.30,GoL,64,0.3,slope_iso_die,iso_die,,iso_die,-0.8302631693632686,-0.9467598352643699,-0.7056844830819307,-0.3849555664868811,-0.4321865946322074,-0.33174224057831364,0.14819078816923537
condition_slope,GoL_L64_rho0.30,GoL,64,0.3,slope_iso_survive,iso_survive,,iso_survive,-1.1346969360129249,-1.2526247430004815,-1.0090291608824358,-0.5453867079013444,-0.594006416907545,-0.4912496300493281,0.29744666115546703
condition_slope,GoL_L64_rho0.30,GoL,64,0.3,slope_iso_survive_isolated,iso_survive_isolated,,iso_survive_isolated,0.22087040516657078,-0.1596018092244375,0.6066741579982522,0.03676298914868439,-0.026519794470517437,0.1016636222409108,0.0013515173711463602
condition_slope,GoL_L64_rho0.30,GoL,64,0.3,slope_iso_survive_connected,iso_survive_connected,,iso_survive_connected,-1.3101996314595692,-1.426808289444092,-1.1843672746904317,-0.5928487872904163,-0.6359747953901252,-0.5429036986414725,0.35146968459171746
condition_slope,GoL_L64_rho0.30,GoL,64,0.3,slope_iso_orth_birth_any,iso_orth_birth_any,,iso_orth_birth_any,-1.0222412148550655,-1.0938724874633279,-0.949103672187156,-0.6644889428024804,-0.697766285487152,-0.6236399590967827,0.4415455551067581
condition_slope,GoL_L64_rho0.30,GoL,64,0.3,slope_iso_diag_birth_any,iso_diag_birth_any,,iso_diag_birth_any,-1.0484409325693642,-1.1338040012319963,-0.9569737443074597,-0.5705715767416861,-0.6113264770183294,-0.5310778587950197,0.3255519241854935
condition_slope,GoL_L64_rho0.30,GoL,64,0.3,slope_iso_local_window_delta_sum,iso_local_window_delta_sum,,iso_local_window_delta_sum,0.2965326267303938,0.2798823091671791,0.3140127528813999,0.753190017193191,0.7250443701375421,0.7779307317865091,0.5672952019994795
condition_slope,GoL_L64_rho0.30,GoL,64,0.3,slope_iso_local_window_loss_sum,iso_local_window_loss_sum,,iso_local_window_loss_sum,-0.2990870236675753,-0.3165894263149353,-0.28215942570772756,-0.7492693871056973,-0.7740764836501873,-0.7195025477676683,0.5614046144537472
condition_slope,GoL_L64_rho0.30,GoL,64,0.3,slope_iso_local_window_gain_sum,iso_local_window_gain_sum,,iso_local_window_gain_sum,1.1264543686493833,0.8452257287101762,1.483661674299392,0.20147207871075912,0.1477136859298013,0.26530866863928765,0.040590998500034337
condition_slope,GoL_L64_rho0.30,GoL,64,0.3,slope_block_var,block_var,,block_var,5419.299904310806,2984.8483202862217,8161.756455345981,0.13081424801019118,0.07164450566026498,0.1954776932185604,0.017112367482471802
condition_slope,GoL_L64_rho0.30,GoL,64,0.3,slope_block_entropy,block_entropy,,block_entropy,23.833106739120133,13.376694981138307,36.592192987431595,0.12617784240325508,0.07097059786133557,0.19192114629499665,0.015920847913540648
condition,GoL_L64_rho0.35,GoL,64,0.35,iso_count,iso_count,0.36516624727103364,,,,,,,,
condition,GoL_L64_rho0.35,GoL,64,0.35,death,iso_die,0.08026228789410672,,,,,,,,
condition,GoL_L64_rho0.35,GoL,64,0.35,survive,iso_survive,0.30685939465016787,,,,,,,,
condition,GoL_L64_rho0.35,GoL,64,0.35,survive_split,"iso_survive_isolated,iso_survive_connected",0.38665120781055473,,,,,,,,
condition,GoL_L64_rho0.35,GoL,64,0.35,birth_bridge,"iso_orth_birth_any,iso_diag_birth_any",0.41278152550401614,,,,,,,,
condition,GoL_L64_rho0.35,GoL,64,0.35,local_window,"iso_local_window_delta_sum,iso_local_window_loss_sum,iso_local_window_gain_sum",0.5316741129814009,,,,,,,,
condition,GoL_L64_rho0.35,GoL,64,0.35,cell_fates_all,"iso_die,iso_survive_isolated,iso_survive_connected,iso_orth_birth_any,iso_diag_birth_any",0.4574492092738547,,,,,,,,
condition,GoL_L64_rho0.35,GoL,64,0.35,all_fates,"iso_die,iso_survive_isolated,iso_survive_connected,iso_orth_birth_any,iso_diag_birth_any,iso_local_window_delta_sum,iso_local_window_loss_sum,iso_local_window_gain_sum",0.5444971012016087,,,,,,,,
condition,GoL_L64_rho0.35,GoL,64,0.35,coarse,block_var,0.008249397357914235,,,,,,,,
condition,GoL_L64_rho0.35,GoL,64,0.35,entropy,block_entropy,0.0021564623789884995,,,,,,,,
condition,GoL_L64_rho0.35,GoL,64,0.35,all_plus_coarse,"iso_die,iso_survive_isolated,iso_survive_connected,iso_orth_birth_any,iso_diag_birth_any,iso_local_window_delta_sum,iso_local_window_loss_sum,iso_local_window_gain_sum,block_var,block_entropy",0.5498239718085891,,,,,,,,
condition_slope,GoL_L64_rho0.35,GoL,64,0.35,slope_iso_count,iso_count,,iso_count,-0.9569566884114826,-1.0316881422357171,-0.8817615339392195,-0.6100205427542132,-0.6473793797762913,-0.5676126042365903,0.3721250625821454
condition_slope,GoL_L64_rho0.35,GoL,64,0.35,slope_iso_die,iso_die,,iso_die,-0.7540200397578898,-0.9015855894842303,-0.6138543892094611,-0.3000734748449147,-0.35560854376767753,-0.2502108060878969,0.09004409030550176
condition_slope,GoL_L64_rho0.35,GoL,64,0.35,slope_iso_survive,iso_survive,,iso_survive,-1.1643555907911276,-1.2614925425108874,-1.0529689785413607,-0.5601151649539499,-0.6012842298727145,-0.5125120579489676,0.3137289980113903
condition_slope,GoL_L64_rho0.35,GoL,64,0.35,slope_iso_survive_isolated,iso_survive_isolated,,iso_survive_isolated,0.5388192312473503,0.2157934583054446,0.9197503686455787,0.0913182013207593,0.035602712011394394,0.15522827004160406,0.008339013892458724
condition_slope,GoL_L64_rho0.35,GoL,64,0.35,slope_iso_survive_connected,iso_survive_connected,,iso_survive_connected,-1.3685350709729567,-1.4702399200198628,-1.2611846477262483,-0.6244390091028958,-0.6568455364229226,-0.5852604689781522,0.38992407608940627
condition_slope,GoL_L64_rho0.35,GoL,64,0.35,slope_iso_orth_birth_any,iso_orth_birth_any,,iso_orth_birth_any,-1.0499321399665036,-1.1227742451359242,-0.9773179605036579,-0.6446740894953892,-0.6804919465688681,-0.6065405108980698,0.4156046816667094
condition_slope,GoL_L64_rho0.35,GoL,64,0.35,slope_iso_diag_birth_any,iso_diag_birth_any,,iso_diag_birth_any,-1.0906668212533444,-1.2049888352071758,-0.981708195535527,-0.5352530972576159,-0.5738103193210763,-0.48657348563785363,0.28649587812387123
condition_slope,GoL_L64_rho0.35,GoL,64,0.35,slope_iso_local_window_delta_sum,iso_local_window_delta_sum,,iso_local_window_delta_sum,0.3124854430238566,0.2974794777483175,0.3283967265374382,0.7300671016882511,0.6991012932540276,0.7552290693061288,0.5329979729674832
condition_slope,GoL_L64_rho0.35,GoL,64,0.35,slope_iso_local_window_loss_sum,iso_local_window_loss_sum,,iso_local_window_loss_sum,-0.3141989546007849,-0.3304145807086399,-0.2979881884077221,-0.7233519897499349,-0.7488277980580113,-0.6912817110832036,0.5232381010751899
condition_slope,GoL_L64_rho0.35,GoL,64,0.35,slope_iso_local_window_gain_sum,iso_local_window_gain_sum,,iso_local_window_gain_sum,1.10149940812702,0.7848198174060466,1.4313689442123883,0.21085954635954082,0.1521220984672755,0.2686797154416143,0.04446174829095151
condition_slope,GoL_L64_rho0.35,GoL,64,0.35,slope_block_var,block_var,,block_var,5310.011271977337,2688.6517116420587,7623.3161848627915,0.13022706405675966,0.06696809360636014,0.18370676679437273,0.01695908821284342
condition_slope,GoL_L64_rho0.35,GoL,64,0.35,slope_block_entropy,block_entropy,,block_entropy,22.168288069525573,9.251929086477286,36.57078414568267,0.10131635891958385,0.043386090758830785,0.16318939119991976,0.010265004584722015
condition,HighLife_L128_rho0.20,HighLife,128,0.2,iso_count,iso_count,0.31857268830635577,,,,,,,,
condition,HighLife_L128_rho0.20,HighLife,128,0.2,death,iso_die,0.21267317062420882,,,,,,,,
condition,HighLife_L128_rho0.20,HighLife,128,0.2,survive,iso_survive,0.15146411477549707,,,,,,,,
condition,HighLife_L128_rho0.20,HighLife,128,0.2,survive_split,"iso_survive_isolated,iso_survive_connected",0.24330983441164594,,,,,,,,
condition,HighLife_L128_rho0.20,HighLife,128,0.2,birth_bridge,"iso_orth_birth_any,iso_diag_birth_any",0.25928707912860965,,,,,,,,
condition,HighLife_L128_rho0.20,HighLife,128,0.2,local_window,"iso_local_window_delta_sum,iso_local_window_loss_sum,iso_local_window_gain_sum",0.521892909191385,,,,,,,,
condition,HighLife_L128_rho0.20,HighLife,128,0.2,cell_fates_all,"iso_die,iso_survive_isolated,iso_survive_connected,iso_orth_birth_any,iso_diag_birth_any",0.37854637078399583,,,,,,,,
condition,HighLife_L128_rho0.20,HighLife,128,0.2,all_fates,"iso_die,iso_survive_isolated,iso_survive_connected,iso_orth_birth_any,iso_diag_birth_any,iso_local_window_delta_sum,iso_local_window_loss_sum,iso_local_window_gain_sum",0.5350743694723865,,,,,,,,
condition,HighLife_L128_rho0.20,HighLife,128,0.2,coarse,block_var,-0.0025709470158645996,,,,,,,,
condition,HighLife_L128_rho0.20,HighLife,128,0.2,entropy,block_entropy,-0.006218163228323493,,,,,,,,
condition,HighLife_L128_rho0.20,HighLife,128,0.2,all_plus_coarse,"iso_die,iso_survive_isolated,iso_survive_connected,iso_orth_birth_any,iso_diag_birth_any,iso_local_window_delta_sum,iso_local_window_loss_sum,iso_local_window_gain_sum,block_var,block_entropy",0.5372474819355866,,,,,,,,
condition_slope,HighLife_L128_rho0.20,HighLife,128,0.2,slope_iso_count,iso_count,,iso_count,-0.6139537073516848,-0.669960020205961,-0.5611667374953736,-0.5736040986655774,-0.6110415443938729,-0.5306390993432116,0.3290216620059492
condition_slope,HighLife_L128_rho0.20,HighLife,128,0.2,slope_iso_die,iso_die,,iso_die,-0.6908721486867146,-0.762976752193374,-0.6160179052729274,-0.4716537279589994,-0.5132676648483412,-0.42254014146047664,0.22245723909762194
condition_slope,HighLife_L128_rho0.20,HighLife,128,0.2,slope_iso_survive,iso_survive,,iso_survive,-0.757867856558264,-0.8546063050095439,-0.6497601878029394,-0.402637123399797,-0.44428075258865385,-0.34669119668879367,0.1621166531396634
condition_slope,HighLife_L128_rho0.20,HighLife,128,0.2,slope_iso_survive_isolated,iso_survive_isolated,,iso_survive_isolated,0.6224805982035252,0.3263164435296196,0.9653495940372159,0.12001437772457348,0.0628132783381917,0.17892023409758917,0.014403450860616673
condition_slope,HighLife_L128_rho0.20,HighLife,128,0.2,slope_iso_survive_connected,iso_survive_connected,,iso_survive_connected,-0.9921268498538921,-1.1015258745090208,-0.8814791988718045,-0.4849576954746638,-0.5276018629296726,-0.4356928887049716,0.23518396640009687
condition_slope,HighLife_L128_rho0.20,HighLife,128,0.2,slope_iso_orth_birth_any,iso_orth_birth_any,,iso_orth_birth_any,-0.6004312820007097,-0.6632139881206542,-0.542803501786679,-0.5205941900124382,-0.5649950142443088,-0.478986229108271,0.2710183106747067
condition_slope,HighLife_L128_rho0.20,HighLife,128,0.2,slope_iso_diag_birth_any,iso_diag_birth_any,,iso_diag_birth_any,-0.6119882464998029,-0.6901545383403205,-0.5274627786715661,-0.388363493871488,-0.4348598484037223,-0.3388236100389707,0.15082620337206898
condition_slope,HighLife_L128_rho0.20,HighLife,128,0.2,slope_iso_local_window_delta_sum,iso_local_window_delta_sum,,iso_local_window_delta_sum,0.23901967970787943,0.22486762479334604,0.2513610588581005,0.718332013760543,0.6848870783306231,0.7483880115937996,0.5160008819932775
condition_slope,HighLife_L128_rho0.20,HighLife,128,0.2,slope_iso_local_window_loss_sum,iso_local_window_loss_sum,,iso_local_window_loss_sum,-0.23820700045993198,-0.25069684930461555,-0.22400921177392227,-0.7118591656490416,-0.7422684591662355,-0.6783881282190036,0.5067434717185497
condition_slope,HighLife_L128_rho0.20,HighLife,128,0.2,slope_iso_local_window_gain_sum,iso_local_window_gain_sum,,iso_local_window_gain_sum,1.49065307969669,1.1096800007588217,1.8404135991172645,0.2166845485902593,0.1640536885089729,0.2653839904117702,0.04695219359776459
condition_slope,HighLife_L128_rho0.20,HighLife,128,0.2,slope_block_var,block_var,,block_var,13690.875457603574,3869.082656900449,23412.205180137626,0.08557135719070687,0.024217735932294163,0.14796830805065925,0.007322457171459629
condition_slope,HighLife_L128_rho0.20,HighLife,128,0.2,slope_block_entropy,block_entropy,,block_entropy,36.66532699059266,-8.5917449736526,79.1884063309653,0.05887280319947681,-0.01392020986361146,0.1298612134022996,0.0034660069565642937
condition,HighLife_L128_rho0.25,HighLife,128,0.25,iso_count,iso_count,0.32113331758184993,,,,,,,,
condition,HighLife_L128_rho0.25,HighLife,128,0.25,death,iso_die,0.12360640220192916,,,,,,,,
condition,HighLife_L128_rho0.25,HighLife,128,0.25,survive,iso_survive,0.22194096820721362,,,,,,,,
condition,HighLife_L128_rho0.25,HighLife,128,0.25,survive_split,"iso_survive_isolated,iso_survive_connected",0.3242870408677745,,,,,,,,
condition,HighLife_L128_rho0.25,HighLife,128,0.25,birth_bridge,"iso_orth_birth_any,iso_diag_birth_any",0.3602762281907346,,,,,,,,
condition,HighLife_L128_rho0.25,HighLife,128,0.25,local_window,"iso_local_window_delta_sum,iso_local_window_loss_sum,iso_local_window_gain_sum",0.525894212888936,,,,,,,,
condition,HighLife_L128_rho0.25,HighLife,128,0.25,cell_fates_all,"iso_die,iso_survive_isolated,iso_survive_connected,iso_orth_birth_any,iso_diag_birth_any",0.4179549108262335,,,,,,,,
condition,HighLife_L128_rho0.25,HighLife,128,0.25,all_fates,"iso_die,iso_survive_isolated,iso_survive_connected,iso_orth_birth_any,iso_diag_birth_any,iso_local_window_delta_sum,iso_local_window_loss_sum,iso_local_window_gain_sum",0.5314271132281124,,,,,,,,
condition,HighLife_L128_rho0.25,HighLife,128,0.25,coarse,block_var,0.006755329778241404,,,,,,,,
condition,HighLife_L128_rho0.25,HighLife,128,0.25,entropy,block_entropy,0.007003321049857925,,,,,,,,
condition,HighLife_L128_rho0.25,HighLife,128,0.25,all_plus_coarse,"iso_die,iso_survive_isolated,iso_survive_connected,iso_orth_birth_any,iso_diag_birth_any,iso_local_window_delta_sum,iso_local_window_loss_sum,iso_local_window_gain_sum,block_var,block_entropy",0.533139785274313,,,,,,,,
condition_slope,HighLife_L128_rho0.25,HighLife,128,0.25,slope_iso_count,iso_count,,iso_count,-0.7026239235988362,-0.764209617563879,-0.6333520934987718,-0.5722609718889511,-0.6174881299869743,-0.5275768481149518,0.32748261994728634
condition_slope,HighLife_L128_rho0.25,HighLife,128,0.25,slope_iso_die,iso_die,,iso_die,-0.6462868992111822,-0.7499791215098575,-0.5288603434103493,-0.36117665201340604,-0.4177625274905404,-0.29913716753565595,0.13044857395961262
condition_slope,HighLife_L128_rho0.25,HighLife,128,0.25,slope_iso_survive,iso_survive,,iso_survive,-0.86430262849127,-0.9590301352983376,-0.7633075981182813,-0.47789655890866956,-0.5281923583681819,-0.4260795001357326,0.2283851210167478
condition_slope,HighLife_L128_rho0.25,HighLife,128,0.25,slope_iso_survive_isolated,iso_survive_isolated,,iso_survive_isolated,0.48970540944386237,0.18130060568982745,0.8078913415677945,0.09630198043478862,0.03508292840775951,0.15984649415560398,0.009274071435662501
condition_slope,HighLife_L128_rho0.25,HighLife,128,0.25,slope_iso_survive_connected,iso_survive_connected,,iso_survive_connected,-1.1113590682180319,-1.211559220128894,-1.0001545910783385,-0.5609944871337451,-0.6042783661984156,-0.5217240912375412,0.31471481459445405
condition_slope,HighLife_L128_rho0.25,HighLife,128,0.25,slope_iso_orth_birth_any,iso_orth_birth_any,,iso_orth_birth_any,-0.7690473046844375,-0.8284971027982645,-0.702179359724113,-0.6035494300145069,-0.643081788029079,-0.5643480954853576,0.3642719144708364
condition_slope,HighLife_L128_rho0.25,HighLife,128,0.25,slope_iso_diag_birth_any,iso_diag_birth_any,,iso_diag_birth_any,-0.7738839286987731,-0.8509739860903621,-0.6907368431421649,-0.4835351432582816,-0.5272582471582284,-0.43412042498528564,0.23380623476580686
condition_slope,HighLife_L128_rho0.25,HighLife,128,0.25,slope_iso_local_window_delta_sum,iso_local_window_delta_sum,,iso_local_window_delta_sum,0.25637636911437345,0.23915628352105173,0.27221319224394613,0.7251836026830033,0.6978003309574653,0.7501966158909281,0.5258912576002996
condition_slope,HighLife_L128_rho0.25,HighLife,128,0.25,slope_iso_local_window_loss_sum,iso_local_window_loss_sum,,iso_local_window_loss_sum,-0.2567185236998165,-0.2727094881527266,-0.23941399233901237,-0.719787578474462,-0.745027036782404,-0.6912958575439159,0.51809415812613
condition_slope,HighLife_L128_rho0.25,HighLife,128,0.25,slope_iso_local_window_gain_sum,iso_local_window_gain_sum,,iso_local_window_gain_sum,1.0073278920987008,0.7300050850747031,1.3980714866323516,0.1826161933773257,0.13691183562313278,0.2522399096115116,0.03334867408362485
condition_slope,HighLife_L128_rho0.25,HighLife,128,0.25,slope_block_var,block_var,,block_var,17466.696735280355,7963.9919360276945,29080.95851973029,0.10502899748332932,0.04904957797796301,0.16542265702076753,0.011031090312353053
condition_slope,HighLife_L128_rho0.25,HighLife,128,0.25,slope_block_entropy,block_entropy,,block_entropy,62.13562497796228,24.50934916000628,96.69207938039702,0.10394937714670484,0.04161492208474012,0.16031397856514673,0.010805473009187883
condition,HighLife_L128_rho0.30,HighLife,128,0.3,iso_count,iso_count,0.3704225168338725,,,,,,,,
condition,HighLife_L128_rho0.30,HighLife,128,0.3,death,iso_die,0.1000330063825563,,,,,,,,
condition,HighLife_L128_rho0.30,HighLife,128,0.3,survive,iso_survive,0.3061477182710449,,,,,,,,
condition,HighLife_L128_rho0.30,HighLife,128,0.3,survive_split,"iso_survive_isolated,iso_survive_connected",0.3897862246302454,,,,,,,,
condition,HighLife_L128_rho0.30,HighLife,128,0.3,birth_bridge,"iso_orth_birth_any,iso_diag_birth_any",0.423245208384345,,,,,,,,
condition,HighLife_L128_rho0.30,HighLife,128,0.3,local_window,"iso_local_window_delta_sum,iso_local_window_loss_sum,iso_local_window_gain_sum",0.570544428673466,,,,,,,,
condition,HighLife_L128_rho0.30,HighLife,128,0.3,cell_fates_all,"iso_die,iso_survive_isolated,iso_survive_connected,iso_orth_birth_any,iso_diag_birth_any",0.47428954341009044,,,,,,,,
condition,HighLife_L128_rho0.30,HighLife,128,0.3,all_fates,"iso_die,iso_survive_isolated,iso_survive_connected,iso_orth_birth_any,iso_diag_birth_any,iso_local_window_delta_sum,iso_local_window_loss_sum,iso_local_window_gain_sum",0.5793233482468307,,,,,,,,
condition,HighLife_L128_rho0.30,HighLife,128,0.3,coarse,block_var,0.001507064992967111,,,,,,,,
condition,HighLife_L128_rho0.30,HighLife,128,0.3,entropy,block_entropy,0.0012743163974391347,,,,,,,,
condition,HighLife_L128_rho0.30,HighLife,128,0.3,all_plus_coarse,"iso_die,iso_survive_isolated,iso_survive_connected,iso_orth_birth_any,iso_diag_birth_any,iso_local_window_delta_sum,iso_local_window_loss_sum,iso_local_window_gain_sum,block_var,block_entropy",0.5790815037890987,,,,,,,,
condition_slope,HighLife_L128_rho0.30,HighLife,128,0.3,slope_iso_count,iso_count,,iso_count,-0.8600704845029308,-0.9293634215058518,-0.7865390857909084,-0.6126855106610901,-0.6526299858538303,-0.5697557774684576,0.37538353497404087
condition_slope,HighLife_L128_rho0.30,HighLife,128,0.3,slope_iso_die,iso_die,,iso_die,-0.6877030654185321,-0.8001087866751879,-0.5682779884760366,-0.32712949746602366,-0.3789360426376457,-0.272003934351256,0.10701370811237298
condition_slope,HighLife_L128_rho0.30,HighLife,128,0.3,slope_iso_survive,iso_survive,,iso_survive,-1.1109604499177481,-1.2283467014047997,-1.0132107471117358,-0.5585778462567466,-0.6056030687192152,-0.512877840359918,0.3120092103288251
condition_slope,HighLife_L128_rho0.30,HighLife,128,0.3,slope_iso_survive_isolated,iso_survive_isolated,,iso_survive_isolated,0.3441323735387003,-0.018638775357599936,0.71994749169348,0.058967948266457036,-0.0031153914577320314,0.12235711357909511,0.0034772189227554318
condition_slope,HighLife_L128_rho0.30,HighLife,128,0.3,slope_iso_survive_connected,iso_survive_connected,,iso_survive_connected,-1.3350385688405078,-1.4583058135503566,-1.2367748489085673,-0.6232418274222304,-0.6682510642965507,-0.5854854523034376,0.38843037544860126
condition_slope,HighLife_L128_rho0.30,HighLife,128,0.3,slope_iso_orth_birth_any,iso_orth_birth_any,,iso_orth_birth_any,-0.9627431549446567,-1.036665243720985,-0.8948976881005066,-0.6481740306551442,-0.6845441962371144,-0.6132015903598572,0.4201295740157358
condition_slope,HighLife_L128_rho0.30,HighLife,128,0.3,slope_iso_diag_birth_any,iso_diag_birth_any,,iso_diag_birth_any,-1.022878668723411,-1.124290254631523,-0.9281530442472204,-0.5457402612237281,-0.5867817950536754,-0.5002036818497362,0.29783243272054405
condition_slope,HighLife_L128_rho0.30,HighLife,128,0.3,slope_iso_local_window_delta_sum,iso_local_window_delta_sum,,iso_local_window_delta_sum,0.29263499195876896,0.27770140532692356,0.3101154141237537,0.7542912437713805,0.7297031544782339,0.782377387374617,0.5689552804301765
condition_slope,HighLife_L128_rho0.30,HighLife,128,0.3,slope_iso_local_window_loss_sum,iso_local_window_loss_sum,,iso_local_window_loss_sum,-0.291999024238373,-0.3103045809883137,-0.27652940931346975,-0.7463296247742899,-0.7747572460655546,-0.7209813232076497,0.5570079088157326
condition_slope,HighLife_L128_rho0.30,HighLife,128,0.3,slope_iso_local_window_gain_sum,iso_local_window_gain_sum,,iso_local_window_gain_sum,1.054173419132999,0.7350823974274627,1.4016536158416242,0.19664284610906096,0.13609000492583043,0.25852944178944265,0.038668408925871756
condition_slope,HighLife_L128_rho0.30,HighLife,128,0.3,slope_block_var,block_var,,block_var,18710.364117727273,9686.182160523607,28979.495315772612,0.10846958483233016,0.05559207508556965,0.1745852566641962,0.011765650833698071
condition_slope,HighLife_L128_rho0.30,HighLife,128,0.3,slope_block_entropy,block_entropy,,block_entropy,82.73887945770966,42.22232801936305,128.5346980762443,0.10376603229117304,0.05347463848721276,0.16008841782658131,0.010767389457452592
condition,HighLife_L128_rho0.35,HighLife,128,0.35,iso_count,iso_count,0.3629515771386872,,,,,,,,
condition,HighLife_L128_rho0.35,HighLife,128,0.35,death,iso_die,0.07134137720823526,,,,,,,,
condition,HighLife_L128_rho0.35,HighLife,128,0.35,survive,iso_survive,0.33065801411681833,,,,,,,,
condition,HighLife_L128_rho0.35,HighLife,128,0.35,survive_split,"iso_survive_isolated,iso_survive_connected",0.385824329266584,,,,,,,,
condition,HighLife_L128_rho0.35,HighLife,128,0.35,birth_bridge,"iso_orth_birth_any,iso_diag_birth_any",0.40781518689238244,,,,,,,,
condition,HighLife_L128_rho0.35,HighLife,128,0.35,local_window,"iso_local_window_delta_sum,iso_local_window_loss_sum,iso_local_window_gain_sum",0.5225401499003068,,,,,,,,
condition,HighLife_L128_rho0.35,HighLife,128,0.35,cell_fates_all,"iso_die,iso_survive_isolated,iso_survive_connected,iso_orth_birth_any,iso_diag_birth_any",0.44990344311335795,,,,,,,,
condition,HighLife_L128_rho0.35,HighLife,128,0.35,all_fates,"iso_die,iso_survive_isolated,iso_survive_connected,iso_orth_birth_any,iso_diag_birth_any,iso_local_window_delta_sum,iso_local_window_loss_sum,iso_local_window_gain_sum",0.5358245568372634,,,,,,,,
condition,HighLife_L128_rho0.35,HighLife,128,0.35,coarse,block_var,0.0018500524231981562,,,,,,,,
condition,HighLife_L128_rho0.35,HighLife,128,0.35,entropy,block_entropy,-0.007294052109107341,,,,,,,,
condition,HighLife_L128_rho0.35,HighLife,128,0.35,all_plus_coarse,"iso_die,iso_survive_isolated,iso_survive_connected,iso_orth_birth_any,iso_diag_birth_any,iso_local_window_delta_sum,iso_local_window_loss_sum,iso_local_window_gain_sum,block_var,block_entropy",0.5402518028473818,,,,,,,,
condition_slope,HighLife_L128_rho0.35,HighLife,128,0.35,slope_iso_count,iso_count,,iso_count,-0.9062567115686853,-0.9732963323303144,-0.8364709358537239,-0.6087146771558753,-0.6430837367051295,-0.5681136693695428,0.3705335581849818
condition_slope,HighLife_L128_rho0.35,HighLife,128,0.35,slope_iso_die,iso_die,,iso_die,-0.6818509350859726,-0.8274794014617165,-0.549364711813948,-0.2810091777694373,-0.33027423999885847,-0.2259417490933184,0.0789661579906551
condition_slope,HighLife_L128_rho0.35,HighLife,128,0.35,slope_iso_survive,iso_survive,,iso_survive,-1.1512312819091632,-1.252536615853305,-1.056799909845953,-0.5808342834663414,-0.6181777439169522,-0.5461526900679592,0.3373684648498577
condition_slope,HighLife_L128_rho0.35,HighLife,128,0.35,slope_iso_survive_isolated,iso_survive_isolated,,iso_survive_isolated,0.018328854323523408,-0.348980070182194,0.36845334112132033,0.0029945835965776704,-0.05715583196387472,0.06011168494506716,8.967530916947908e-06
condition_slope,HighLife_L128_rho0.35,HighLife,128,0.35,slope_iso_survive_connected,iso_survive_connected,,iso_survive_connected,-1.3327746829184997,-1.4455188175532006,-1.2255290901674327,-0.625477298024964,-0.6630468383424655,-0.5900697909369852,0.39122185034460977
condition_slope,HighLife_L128_rho0.35,HighLife,128,0.35,slope_iso_orth_birth_any,iso_orth_birth_any,,iso_orth_birth_any,-0.9938385637797719,-1.063710082451973,-0.920760369215543,-0.6338516130086066,-0.6658911433862708,-0.5951482044611837,0.4017678673136118
condition_slope,HighLife_L128_rho0.35,HighLife,128,0.35,slope_iso_diag_birth_any,iso_diag_birth_any,,iso_diag_birth_any,-1.0946253139038191,-1.1904083668701733,-0.9949725451178121,-0.5547516140274192,-0.5977403351248726,-0.5063629359720896,0.3077493532660267
condition_slope,HighLife_L128_rho0.35,HighLife,128,0.35,slope_iso_local_window_delta_sum,iso_local_window_delta_sum,,iso_local_window_delta_sum,0.29583356322209264,0.27728771843962363,0.3131656363664926,0.723742885988108,0.6944579896408665,0.7497633669017346,0.5238037650183951
condition_slope,HighLife_L128_rho0.35,HighLife,128,0.35,slope_iso_local_window_loss_sum,iso_local_window_loss_sum,,iso_local_window_loss_sum,-0.29658344586289853,-0.31516688858668584,-0.27669694575160225,-0.7167159874545638,-0.7426687051331301,-0.6874075507403085,0.5136818066729706
condition_slope,HighLife_L128_rho0.35,HighLife,128,0.35,slope_iso_local_window_gain_sum,iso_local_window_gain_sum,,iso_local_window_gain_sum,1.0790055896908575,0.7568844520605673,1.4033519522754985,0.20409647283425147,0.14504125007347407,0.2627919356298722,0.041655370223382504
condition_slope,HighLife_L128_rho0.35,HighLife,128,0.35,slope_block_var,block_var,,block_var,19079.6580866621,9214.964839558612,28661.819613816107,0.11618451458009767,0.0556822537227051,0.1735831270534974,0.013498841428213004
condition_slope,HighLife_L128_rho0.35,HighLife,128,0.35,slope_block_entropy,block_entropy,,block_entropy,57.702308722088745,3.5822205985630817,104.57007312123764,0.06908624288058494,0.00426309128451453,0.12583616613122545,0.004772908955355204
condition,HighLife_L64_rho0.20,HighLife,64,0.2,iso_count,iso_count,0.33089485134356067,,,,,,,,
condition,HighLife_L64_rho0.20,HighLife,64,0.2,death,iso_die,0.21648260032053032,,,,,,,,
condition,HighLife_L64_rho0.20,HighLife,64,0.2,survive,iso_survive,0.15206395764815014,,,,,,,,
condition,HighLife_L64_rho0.20,HighLife,64,0.2,survive_split,"iso_survive_isolated,iso_survive_connected",0.2092256247318371,,,,,,,,
condition,HighLife_L64_rho0.20,HighLife,64,0.2,birth_bridge,"iso_orth_birth_any,iso_diag_birth_any",0.2722262070793825,,,,,,,,
condition,HighLife_L64_rho0.20,HighLife,64,0.2,local_window,"iso_local_window_delta_sum,iso_local_window_loss_sum,iso_local_window_gain_sum",0.5275095207825058,,,,,,,,
condition,HighLife_L64_rho0.20,HighLife,64,0.2,cell_fates_all,"iso_die,iso_survive_isolated,iso_survive_connected,iso_orth_birth_any,iso_diag_birth_any",0.384786492262541,,,,,,,,
condition,HighLife_L64_rho0.20,HighLife,64,0.2,all_fates,"iso_die,iso_survive_isolated,iso_survive_connected,iso_orth_birth_any,iso_diag_birth_any,iso_local_window_delta_sum,iso_local_window_loss_sum,iso_local_window_gain_sum",0.5303210127151641,,,,,,,,
condition,HighLife_L64_rho0.20,HighLife,64,0.2,coarse,block_var,-0.004199014979727411,,,,,,,,
condition,HighLife_L64_rho0.20,HighLife,64,0.2,entropy,block_entropy,-0.007760530158803958,,,,,,,,
condition,HighLife_L64_rho0.20,HighLife,64,0.2,all_plus_coarse,"iso_die,iso_survive_isolated,iso_survive_connected,iso_orth_birth_any,iso_diag_birth_any,iso_local_window_delta_sum,iso_local_window_loss_sum,iso_local_window_gain_sum,block_var,block_entropy",0.5308949599322166,,,,,,,,
condition_slope,HighLife_L64_rho0.20,HighLife,64,0.2,slope_iso_count,iso_count,,iso_count,-0.6117196048423289,-0.6683846495289932,-0.5601916609704322,-0.5777773738677265,-0.6182944235383888,-0.5454959186110004,0.33382669375348784
condition_slope,HighLife_L64_rho0.20,HighLife,64,0.2,slope_iso_die,iso_die,,iso_die,-0.6703474871985171,-0.7466070481150113,-0.6014509959993003,-0.4687851380154489,-0.5150648089491983,-0.423377443423038,0.21975950562416358
condition_slope,HighLife_L64_rho0.20,HighLife,64,0.2,slope_iso_survive,iso_survive,,iso_survive,-0.7428716863177118,-0.8526205518461776,-0.6501176474204582,-0.4023229423656265,-0.45467975491085094,-0.35731635540046947,0.16186374995373476
condition_slope,HighLife_L64_rho0.20,HighLife,64,0.2,slope_iso_survive_isolated,iso_survive_isolated,,iso_survive_isolated,0.17426120865761469,-0.10525147547310726,0.47577291764418445,0.03386106782940398,-0.02026627543356941,0.09129340961420596,0.0011465719145472564
condition_slope,HighLife_L64_rho0.20,HighLife,64,0.2,slope_iso_survive_connected,iso_survive_connected,,iso_survive_connected,-0.9516991532498821,-1.081769895848802,-0.8526937191921583,-0.46219781934181364,-0.5123587097106029,-0.42158341245464237,0.21362682420432777
condition_slope,HighLife_L64_rho0.20,HighLife,64,0.2,slope_iso_orth_birth_any,iso_orth_birth_any,,iso_orth_birth_any,-0.6074950405620749,-0.6704082782315433,-0.5531758304842205,-0.526792759791061,-0.5697795641441354,-0.4860642928021394,0.2775106117682823
condition_slope,HighLife_L64_rho0.20,HighLife,64,0.2,slope_iso_diag_birth_any,iso_diag_birth_any,,iso_diag_birth_any,-0.593541959331482,-0.6673708859468309,-0.5230726878369907,-0.3884074892336734,-0.437657073050812,-0.34300475318388796,0.15086037769280602
condition_slope,HighLife_L64_rho0.20,HighLife,64,0.2,slope_iso_local_window_delta_sum,iso_local_window_delta_sum,,iso_local_window_delta_sum,0.23877644187935185,0.22273192409366485,0.2539322643267692,0.7171142269547461,0.6905275275343444,0.7479526770674183,0.5142528145009027
condition_slope,HighLife_L64_rho0.20,HighLife,64,0.2,slope_iso_local_window_loss_sum,iso_local_window_loss_sum,,iso_local_window_loss_sum,-0.23709909069425955,-0.2527254981581187,-0.22120901606005772,-0.7092492310715183,-0.7408678561617934,-0.6821667458284894,0.5030344717755395
condition_slope,HighLife_L64_rho0.20,HighLife,64,0.2,slope_iso_local_window_gain_sum,iso_local_window_gain_sum,,iso_local_window_gain_sum,1.3292838140763432,0.906834908561038,1.7304156201631475,0.2064986729628042,0.14639990813552906,0.2716026980253509,0.04264170193539929
condition_slope,HighLife_L64_rho0.20,HighLife,64,0.2,slope_block_var,block_var,,block_var,3045.257496869263,661.7206990437529,5202.828568189335,0.07715157092334729,0.016656121197234114,0.1321073534023782,0.00595236489594031
condition_slope,HighLife_L64_rho0.20,HighLife,64,0.2,slope_block_entropy,block_entropy,,block_entropy,7.761487358619373,-0.07077251470738812,17.244973865317277,0.05095099292462105,-0.00044388975882299873,0.11311338003555123,0.002596003680004677
condition,HighLife_L64_rho0.25,HighLife,64,0.25,iso_count,iso_count,0.3743165993355249,,,,,,,,
condition,HighLife_L64_rho0.25,HighLife,64,0.25,death,iso_die,0.14165214128036346,,,,,,,,
condition,HighLife_L64_rho0.25,HighLife,64,0.25,survive,iso_survive,0.2710677518578679,,,,,,,,
condition,HighLife_L64_rho0.25,HighLife,64,0.25,survive_split,"iso_survive_isolated,iso_survive_connected",0.3327893655082398,,,,,,,,
condition,HighLife_L64_rho0.25,HighLife,64,0.25,birth_bridge,"iso_orth_birth_any,iso_diag_birth_any",0.3932904306374138,,,,,,,,
condition,HighLife_L64_rho0.25,HighLife,64,0.25,local_window,"iso_local_window_delta_sum,iso_local_window_loss_sum,iso_local_window_gain_sum",0.5542439091076321,,,,,,,,
condition,HighLife_L64_rho0.25,HighLife,64,0.25,cell_fates_all,"iso_die,iso_survive_isolated,iso_survive_connected,iso_orth_birth_any,iso_diag_birth_any",0.4322715137918086,,,,,,,,
condition,HighLife_L64_rho0.25,HighLife,64,0.25,all_fates,"iso_die,iso_survive_isolated,iso_survive_connected,iso_orth_birth_any,iso_diag_birth_any,iso_local_window_delta_sum,iso_local_window_loss_sum,iso_local_window_gain_sum",0.5531488698074559,,,,,,,,
condition,HighLife_L64_rho0.25,HighLife,64,0.25,coarse,block_var,0.0021891174999009166,,,,,,,,
condition,HighLife_L64_rho0.25,HighLife,64,0.25,entropy,block_entropy,-0.003021950139977525,,,,,,,,
condition,HighLife_L64_rho0.25,HighLife,64,0.25,all_plus_coarse,"iso_die,iso_survive_isolated,iso_survive_connected,iso_orth_birth_any,iso_diag_birth_any,iso_local_window_delta_sum,iso_local_window_loss_sum,iso_local_window_gain_sum,block_var,block_entropy",0.5558955981058096,,,,,,,,
condition_slope,HighLife_L64_rho0.25,HighLife,64,0.25,slope_iso_count,iso_count,,iso_count,-0.7560535015231666,-0.8099353005967556,-0.6928904256559065,-0.6169290726820769,-0.6569794219340261,-0.5752121887803013,0.3806014807203676
condition_slope,HighLife_L64_rho0.25,HighLife,64,0.25,slope_iso_die,iso_die,,iso_die,-0.6940498427447597,-0.7896210293864286,-0.5952121955880262,-0.38995630287494104,-0.43596219886298926,-0.33979292291672425,0.15206591815189263
condition_slope,HighLife_L64_rho0.25,HighLife,64,0.25,slope_iso_survive,iso_survive,,iso_survive,-0.9743913857898784,-1.0596480909794865,-0.875727321676353,-0.5263320072572741,-0.5708561114108122,-0.4783193138211032,0.2770253818634708
condition_slope,HighLife_L64_rho0.25,HighLife,64,0.25,slope_iso_survive_isolated,iso_survive_isolated,,iso_survive_isolated,0.11399069323891688,-0.23750866525928338,0.3838739038458117,0.020938975842258175,-0.04272001612119733,0.07343192148468917,0.00043844070932252954
condition_slope,HighLife_L64_rho0.25,HighLife,64,0.25,slope_iso_survive_connected,iso_survive_connected,,iso_survive_connected,-1.17134649900741,-1.2638017252264098,-1.0587619411727842,-0.5809700921368788,-0.6202027064773922,-0.5335323648965467,0.3375262479575334
condition_slope,HighLife_L64_rho0.25,HighLife,64,0.25,slope_iso_orth_birth_any,iso_orth_birth_any,,iso_orth_birth_any,-0.8054126486794824,-0.8668953879902657,-0.7389855005427403,-0.6276902446749653,-0.6657086179628275,-0.5893312319568187,0.39399504326011836
condition_slope,HighLife_L64_rho0.25,HighLife,64,0.25,slope_iso_diag_birth_any,iso_diag_birth_any,,iso_diag_birth_any,-0.8862758041853107,-0.9779023510276935,-0.7912378143597087,-0.5212038780660703,-0.5620927390885311,-0.4740092132897936,0.2716534825111109
condition_slope,HighLife_L64_rho0.25,HighLife,64,0.25,slope_iso_local_window_delta_sum,iso_local_window_delta_sum,,iso_local_window_delta_sum,0.26303610837119773,0.24793707906677026,0.278025893144796,0.744300023723133,0.7110504145039027,0.7739781118806262,0.5539825253142565
condition_slope,HighLife_L64_rho0.25,HighLife,64,0.25,slope_iso_local_window_loss_sum,iso_local_window_loss_sum,,iso_local_window_loss_sum,-0.2629155666479216,-0.27809060161851384,-0.2473348121316169,-0.7370342556259666,-0.7666467439777418,-0.7032824883597015,0.5432194939661223
condition_slope,HighLife_L64_rho0.25,HighLife,64,0.25,slope_iso_local_window_gain_sum,iso_local_window_gain_sum,,iso_local_window_gain_sum,1.1635150468405118,0.836484330749627,1.5039192626721902,0.21565612665409084,0.15666340394758452,0.27420176206865743,0.046507564963445214
condition_slope,HighLife_L64_rho0.25,HighLife,64,0.25,slope_block_var,block_var,,block_var,3719.5216110594756,1536.1981419657902,6018.950528476094,0.08976679258477614,0.03784605215621035,0.14496193529778342,0.008058077050958179
condition_slope,HighLife_L64_rho0.25,HighLife,64,0.25,slope_block_entropy,block_entropy,,block_entropy,9.653200543222855,0.8108046734990162,18.272567676962467,0.06176902003335699,0.005456762106133069,0.11644251965423334,0.0038154118358812994
condition,HighLife_L64_rho0.30,HighLife,64,0.3,iso_count,iso_count,0.3797806721295272,,,,,,,,
condition,HighLife_L64_rho0.30,HighLife,64,0.3,death,iso_die,0.13413840557789092,,,,,,,,
condition,HighLife_L64_rho0.30,HighLife,64,0.3,survive,iso_survive,0.278785488000181,,,,,,,,
condition,HighLife_L64_rho0.30,HighLife,64,0.3,survive_split,"iso_survive_isolated,iso_survive_connected",0.3602059490134133,,,,,,,,
condition,HighLife_L64_rho0.30,HighLife,64,0.3,birth_bridge,"iso_orth_birth_any,iso_diag_birth_any",0.4306222089391133,,,,,,,,
condition,HighLife_L64_rho0.30,HighLife,64,0.3,local_window,"iso_local_window_delta_sum,iso_local_window_loss_sum,iso_local_window_gain_sum",0.5602709066192777,,,,,,,,
condition,HighLife_L64_rho0.30,HighLife,64,0.3,cell_fates_all,"iso_die,iso_survive_isolated,iso_survive_connected,iso_orth_birth_any,iso_diag_birth_any",0.4572219038671981,,,,,,,,
condition,HighLife_L64_rho0.30,HighLife,64,0.3,all_fates,"iso_die,iso_survive_isolated,iso_survive_connected,iso_orth_birth_any,iso_diag_birth_any,iso_local_window_delta_sum,iso_local_window_loss_sum,iso_local_window_gain_sum",0.5622297016324895,,,,,,,,
condition,HighLife_L64_rho0.30,HighLife,64,0.3,coarse,block_var,0.012104630421510266,,,,,,,,
condition,HighLife_L64_rho0.30,HighLife,64,0.3,entropy,block_entropy,0.008063385646682098,,,,,,,,
condition,HighLife_L64_rho0.30,HighLife,64,0.3,all_plus_coarse,"iso_die,iso_survive_isolated,iso_survive_connected,iso_orth_birth_any,iso_diag_birth_any,iso_local_window_delta_sum,iso_local_window_loss_sum,iso_local_window_gain_sum,block_var,block_entropy",0.5664254728088169,,,,,,,,
condition_slope,HighLife_L64_rho0.30,HighLife,64,0.3,slope_iso_count,iso_count,,iso_count,-0.8766231560588265,-0.9459025429416611,-0.8189709937859775,-0.6217017324374623,-0.6545814632561928,-0.586020074873079,0.38651304411574194
condition_slope,HighLife_L64_rho0.30,HighLife,64,0.3,slope_iso_die,iso_die,,iso_die,-0.8166944910037177,-0.9243458731778339,-0.7013497170377322,-0.37842083329227194,-0.4240252841419147,-0.3255360620659762,0.14320232706961744
condition_slope,HighLife_L64_rho0.30,HighLife,64,0.3,slope_iso_survive,iso_survive,,iso_survive,-1.0686376972615084,-1.1804440351823724,-0.9574945302708565,-0.5327245187010603,-0.5730856523101759,-0.4843812888409285,0.2837954128252763
condition_slope,HighLife_L64_rho0.30,HighLife,64,0.3,slope_iso_survive_isolated,iso_survive_isolated,,iso_survive_isolated,0.4227291394059132,0.03268983691072447,0.7780559067266872,0.07130882598916709,0.005366468399597368,0.12879867374856177,0.00508494866395337
condition_slope,HighLife_L64_rho0.30,HighLife,64,0.3,slope_iso_survive_connected,iso_survive_connected,,iso_survive_connected,-1.2889003810669952,-1.3985402767964723,-1.1783346802751362,-0.5981588555195874,-0.6375432696392894,-0.5576126680591651,0.35779401643650277
condition_slope,HighLife_L64_rho0.30,HighLife,64,0.3,slope_iso_orth_birth_any,iso_orth_birth_any,,iso_orth_birth_any,-0.9629317510709658,-1.0224846976934534,-0.9050214695764743,-0.6555028628109983,-0.6848287528092221,-0.6178975440879309,0.42968400315341526
condition_slope,HighLife_L64_rho0.30,HighLife,64,0.3,slope_iso_diag_birth_any,iso_diag_birth_any,,iso_diag_birth_any,-1.0283384513939802,-1.1239327229908695,-0.9413030490051584,-0.559835659966145,-0.6048293513774459,-0.5161649329329938,0.3134159661697298
condition_slope,HighLife_L64_rho0.30,HighLife,64,0.3,slope_iso_local_window_delta_sum,iso_local_window_delta_sum,,iso_local_window_delta_sum,0.29624403634908303,0.28017356461371573,0.3108791642631578,0.750711359237405,0.7176742547450566,0.775205558351939,0.5635675448880715
condition_slope,HighLife_L64_rho0.30,HighLife,64,0.3,slope_iso_local_window_loss_sum,iso_local_window_loss_sum,,iso_local_window_loss_sum,-0.2991667479824507,-0.31431553526686434,-0.2826770150971314,-0.7455316031704136,-0.7708105039436658,-0.7137609697287064,0.555817371325847
condition_slope,HighLife_L64_rho0.30,HighLife,64,0.3,slope_iso_local_window_gain_sum,iso_local_window_gain_sum,,iso_local_window_gain_sum,1.3782267464221332,1.0468928222049945,1.6870880672462643,0.24762649451937038,0.18734532118225602,0.29638116203485215,0.06131888078795189
condition_slope,HighLife_L64_rho0.30,HighLife,64,0.3,slope_block_var,block_var,,block_var,6046.760061069854,3383.4057256454557,8612.032901190909,0.13846601653722512,0.07898139336186906,0.19469702553751794,0.01917283773568712
condition_slope,HighLife_L64_rho0.30,HighLife,64,0.3,slope_block_entropy,block_entropy,,block_entropy,24.08515259420304,12.091122797532147,35.22020094558783,0.12397282444079681,0.06457448212707367,0.18167129003807972,0.01536926119982851
condition,HighLife_L64_rho0.35,HighLife,64,0.35,iso_count,iso_count,0.3328464155434678,,,,,,,,
condition,HighLife_L64_rho0.35,HighLife,64,0.35,death,iso_die,0.0642388334263353,,,,,,,,
condition,HighLife_L64_rho0.35,HighLife,64,0.35,survive,iso_survive,0.2834438796555303,,,,,,,,
condition,HighLife_L64_rho0.35,HighLife,64,0.35,survive_split,"iso_survive_isolated,iso_survive_connected",0.35712947909207465,,,,,,,,
condition,HighLife_L64_rho0.35,HighLife,64,0.35,birth_bridge,"iso_orth_birth_any,iso_diag_birth_any",0.3790356294047961,,,,,,,,
condition,HighLife_L64_rho0.35,HighLife,64,0.35,local_window,"iso_local_window_delta_sum,iso_local_window_loss_sum,iso_local_window_gain_sum",0.5056294810608148,,,,,,,,
condition,HighLife_L64_rho0.35,HighLife,64,0.35,cell_fates_all,"iso_die,iso_survive_isolated,iso_survive_connected,iso_orth_birth_any,iso_diag_birth_any",0.41755328121971036,,,,,,,,
condition,HighLife_L64_rho0.35,HighLife,64,0.35,all_fates,"iso_die,iso_survive_isolated,iso_survive_connected,iso_orth_birth_any,iso_diag_birth_any,iso_local_window_delta_sum,iso_local_window_loss_sum,iso_local_window_gain_sum",0.511867785300893,,,,,,,,
condition,HighLife_L64_rho0.35,HighLife,64,0.35,coarse,block_var,0.020364855128493776,,,,,,,,
condition,HighLife_L64_rho0.35,HighLife,64,0.35,entropy,block_entropy,0.018983413978232444,,,,,,,,
condition,HighLife_L64_rho0.35,HighLife,64,0.35,all_plus_coarse,"iso_die,iso_survive_isolated,iso_survive_connected,iso_orth_birth_any,iso_diag_birth_any,iso_local_window_delta_sum,iso_local_window_loss_sum,iso_local_window_gain_sum,block_var,block_entropy",0.5132229370201203,,,,,,,,
condition_slope,HighLife_L64_rho0.35,HighLife,64,0.35,slope_iso_count,iso_count,,iso_count,-0.942784602660995,-1.0324607283130656,-0.8522230342727585,-0.5826273644868482,-0.6218183886923467,-0.5388075875378976,0.3394546458488905
condition_slope,HighLife_L64_rho0.35,HighLife,64,0.35,slope_iso_die,iso_die,,iso_die,-0.6848274125351695,-0.8217077886692972,-0.5440583607964871,-0.26781072201538253,-0.31915689322220875,-0.2144935270500473,0.07172258282640054
condition_slope,HighLife_L64_rho0.35,HighLife,64,0.35,slope_iso_survive,iso_survive,,iso_survive,-1.1324203214106425,-1.2584230003388055,-1.0073022571292183,-0.5377123920835494,-0.5844130200937262,-0.4921656039266338,0.2891346166002128
condition_slope,HighLife_L64_rho0.35,HighLife,64,0.35,slope_iso_survive_isolated,iso_survive_isolated,,iso_survive_isolated,0.5720832025332824,0.1953432245214059,0.9509661262284308,0.09445383132779514,0.031846238554732204,0.15463320614089932,0.008921526252499534
condition_slope,HighLife_L64_rho0.35,HighLife,64,0.35,slope_iso_survive_connected,iso_survive_connected,,iso_survive_connected,-1.341644442029886,-1.4633222346143535,-1.2236865600656952,-0.6028908176894244,-0.6444326877084232,-0.5590793452308664,0.36347733805422333
condition_slope,HighLife_L64_rho0.35,HighLife,64,0.35,slope_iso_orth_birth_any,iso_orth_birth_any,,iso_orth_birth_any,-1.0184914965339484,-1.105847766102395,-0.9386595534970351,-0.6210468626047819,-0.6564231258397255,-0.5833763419501682,0.3856992055512426
condition_slope,HighLife_L64_rho0.35,HighLife,64,0.35,slope_iso_diag_birth_any,iso_diag_birth_any,,iso_diag_birth_any,-1.066332259057908,-1.174968336800396,-0.9523914582670798,-0.5176839910965647,-0.564652116078649,-0.46982350588520244,0.2679967146376684
condition_slope,HighLife_L64_rho0.35,HighLife,64,0.35,slope_iso_local_window_delta_sum,iso_local_window_delta_sum,,iso_local_window_delta_sum,0.30401425356445305,0.2835443499504961,0.3235905764934617,0.7083630179648579,0.6707495708316793,0.738730490620247,0.5017781652202825
condition_slope,HighLife_L64_rho0.35,HighLife,64,0.35,slope_iso_local_window_loss_sum,iso_local_window_loss_sum,,iso_local_window_loss_sum,-0.3057401446656118,-0.32580776393404387,-0.28463803664739074,-0.6990917066511207,-0.7305756869798987,-0.6603643412884244,0.48872921430837657
condition_slope,HighLife_L64_rho0.35,HighLife,64,0.35,slope_iso_local_window_gain_sum,iso_local_window_gain_sum,,iso_local_window_gain_sum,1.330290004199887,1.0523631107053424,1.6432022328587992,0.2630037972309495,0.20784258299846506,0.32870472184140465,0.06917099735789844
condition_slope,HighLife_L64_rho0.35,HighLife,64,0.35,slope_block_var,block_var,,block_var,7022.250328443422,4155.551614414795,9664.807231471874,0.16114324090070772,0.09705227993298152,0.2254316089280736,0.025967144087983507
condition_slope,HighLife_L64_rho0.35,HighLife,64,0.35,slope_block_entropy,block_entropy,,block_entropy,33.56900653074254,17.83950872269281,48.37547744508053,0.14852610750129858,0.07883190950700705,0.21403764276281378,0.022060004609487316
